A220001,1,B,24.42,0,128,,,Jar Stopper,probable,,,,,circular,Nearly,Ceramic,,Complete,90%,moderate,,12.70,4.20,3.20,0.83,,,moderate,1,CNEA,,,,,,,,,,,,,,,,,,
A220002,2,B,69.8,0,2,,,grinding stone,probable,,,,,circular,Nearly,Basalt,5YR6/1,Complete,90%,moderate,,830,32.22,31.64,27.32,,,whole,1,DoA Karak,,,,,,,,,,,,,,,,,,
A220003,3,B,69.8,0,2,,,grinding stone ,possible,,,,,ovoid,Slightly,Basalt,5YR5/1,Complete,80%,crude,,670,33.44,30.73,26.90,,,whole,1,DoA Karak,,,,,,,,,,,,,,,,,,
A220004,3,B,42.24,0,131,,,gaming piece,possible,,,,,spherical,Nearly,stone,5YR8/2,Complete,100%,moderate,,23,,,,7.00,,whole,1,CNEA,,,,,,,,,,,,,,,,,,
A220005,90,B,25.62,61,276,,,weight,probable,,,,,spherical,Slightly,clay,5YR7/4,Complete,100%,moderate,,39,4.15,3.29,3.50,,,whole,,CNEA,,,,,,,,,,,,,,,,,,
A220006,94,B,25.62,58,280,,,upper grinding stone,probable,,,,,rectangular,Slightly,,5YR7/2,Partial,,moderate,,1120,15.47,7.40,5.92,,,,1,DoA Karak,,,,,,,,,,,,,,,,,,
A220007,2,B,24.42,0,131,,,weight,probable,,,,,ring,Slightly,limestone,10YR7/6,Partial,30%,moderate,,820.00,13.30,5.40,6.80,,,,,DoA Karak,,,,,,,,,,,,,,,,,,
A220008,1,B,41.3,0,48,,,UD,,,,,,crescent,Slightly,limestone,5YR8/2,Partial,,crude,,755,12.44,6.09,6.66,,,broken,1,DoA Karak,,,,,,,,,,,,,,,,,,
A220009,1,B,25.61,0,105,,,Jar Stopper,probable,,,,,circular,Exactly,Ceramic,10R7/4,Complete,100%,moderate,,46.58,6.08,6.19,0.95,,,whole,1,CNEA,,,,,,,,,,,,,,,,,,
A220010,8,B,25.61,0,109,,,pestle,probable,,,,,triangular,Nearly,pumice,5YR4/1,Complete,100%,moderate,,52.85,4.60,4.40,3.70,,,whole,1,CNEA,,,,,,,,,,,,,,,,,,
A220011,9,B,25.62,1,234,,,Jar Stopper,probable,,,,,circular,Nearly,Ceramic,7.5YR6/1,Complete,90%,moderate,,37.7,5.70,4.40,1.20,,,whole,1,CNEA,,,,,,,,,,,,,,,,,,
A220012,7,B,25.62,1,232,,,Spindle Whorl,certain,,,,,crescent,Slightly,Ceramic,7YR8/1,Partial,40%,moderate,,24.6,4.70,3.30,1.40,,,broken,1,CNEA,,,,,,,,,,,,,,,,,,
A220013,6,B,24.42,0,129,,,Jar Stopper,probable,,,,,circular,Nearly,Ceramic,10YR8/2,Complete,100%,fine,,28.41,5.29,4.32,1.10,,,whole,1,CNEA,,,,,,,,,,,,,,,,,,
A220014,3,B,25.62,0,222,,,Jar Stopper,probable,,,,,circular,Nearly,Ceramic,7.5YR6/1,Complete,90%,moderate,,22.42,4.61,4.52,1.04,,,whole,,CNEA,,,,,,,,,,,,,,,,,,
A220015,2,B,25.62,0,224,,,Spindle Whorl,certain,,,,,crescent,Exactly,Ceramic,10YR/7.3,Partial,50%,moderate,,26.06,6.35,3.53,1.15,,,broken,1,CNEA,,,,,,,,,,,,,,,,,,
A220016,16,B,25.61,5,114,,B22.0390,weight,probable,,,,,crescent,Slightly,limestone,,Partial,50%,crude,,1890,23.70,11.43,5.79,,,broken,1,DoA Karak,,,,,,,,,,,,,,,,,,
A220017,7,B,24.42,4,139,,,Bangle,possible,,,,,rectangular,possible,glass,Gley1 S/5G,Partial,,fine,Prunts,1.6,2.57,0.91,0.75,,,broken,1,CNEA,,,,,,,,,,,,,,,,,,
A220018,9,B,24.42,0,132,,,grinding stone,probable,,,,,spherical,Slightly,Basalt,2.5Y4/0,Complete,100%,,,160,5.71,5.28,4.94,,,whole,1,DoA Karak,,,,,,,,,,,,,,,,,,
A220019,11,B,25.61,5,113,,,mortar,possible,,,,,triangular,rounded,Basalt,Gley 1 5/N,Partial,20%,moderate,,295,7.56,4.96,5.43,,,broken,1,DoA Karak,,,,,,,,,,,,,,,,,,
A220020,23,B,69.6,0,0,,B22.0059,Bangle,certain,,,,,crescent,Slightly,glass,Gley 3/5B,Partial,20%,fine,striped,5.6,4.50,0.07,0.08,,,broken,1,CNEA,,,,,,,,,,,,,,,,,,
A220021,11,B,69.7,1,6,,,Bangle,probable,,,,,crescent,Slightly,glass,10YR8/2,Partial,,moderate,,1.89,3.70,0.69,0.56,,,broken,1,CNEA,,,,,,,,,,,,,,,,,,
A220022,8,B,69.7,1,1,,B22.0053,Bangle,probable,,,,,lunate,Slightly,glass,Gley1 6/56,Partial,10%,moderate,,1.3,1.80,0.76,0.70,,,broken,1,CNEA,,,,,,,,,,,,,,,,,,
A220023,10,B,69.7,5,7,,B22.0256,bead,certain,,,,,conical,Slightly,stone,5YR8/1,Partial,50%,moderate,,0.35,1.14,0.77,0.77,,,broken,1,CNEA,or glass?,,,,,,,,,,,,,,,,,
A220024,21,B,25.61,5,117,,,grinding stone,probable,,,,,spherical,Nearly,Basalt,2.5YR8/1,Partial,80%,moderate,,715.00,8.98,7.85,5.70,,,broken,1,DoA Karak,,,,,,,,,,,,,,,,,,
A220025,22,B,24.42,27,144,,,Pounder,probable,,,,,spherical,Nearly,stone,2.5Y6/1,Complete,100%,moderate,,255.00,5.96,5.17,5.31,,,,,CNEA,,,,,,,,,,,,,,,,,,
A220026,24,B,25.61,5,118,,,bead,certain,,,,,cylindrical,Nearly,glass,7.5YR2/0,Partial,40%,moderate,,4.05,1.87,1.59,1.00,,,,,CNEA,,,,,,,,,,,,,,,,,,
A220027,12,B,25.61,6,113,,,pounder,probable,,,,,spherical,Nearly,quartzite,7.5YR7/2,Partial,90%,moderate,,525.00,7.55,7.14,6.13,,,,,DoA Karak,quartzite congolomerate?,,,,,,,,,,,,,,,,,
A220028,7,B,42.21,36,112,,,nail,certain,,,,,linear,Slightly,metal,7.5YR4/3,Complete,100%,moderate,,15.92,6.96,0.73,2.50,,,,,CNEA,nail head is 2.5 cm wide,,,,,,,,,,,,,,,,,
A220029,4,B,25.62,1,233,,,Jar Stopper,probable,,,,,circular,Nearly,Ceramic,2.5YR6/4,Complete,100%,moderate,,9.67,3.33,3.01,0.95,,,,,CNEA,,,,,,,,,,,,,,,,,,
A220030,22,B,25.62,51,242,,,bead,certain,,,,,circular,Nearly,glass,,Partial,70%,moderate,,0.75,1.10,0.90,0.74,,,,,CNEA,,,,,,,,,,,,,,,,,,
A220031,18,B,25.61,5,116,,,bead,certain,,,,,circular,Slightly,glass,,Partial,90,fine,dots,0.61,1.10,0.97,0.80,,,,,CNEA,,,,,,,,,,,,,,,,,,
A220032,4,B,41.3,0,47,,B22.0247,Bead,certain,,,,,circular,Exactly,stone,10YR8/2,Complete,100,fine,,7.71,2.24,2.22,1.10,,,,,CNEA,,,,,,,,,,,,,,,,,,
A220033,18,B,24.42,2,141,,,Jar Stopper,certain,,,,,circular,Exactly,Ceramic,5YR8/4,Complete,100,moderate,,17.21,3.72,3.47,1.11,,,,,CNEA,,,,,,,,,,,,,,,,,,
A220034,21,B,24.42,2,137,,,Jar Stopper,certain,,,,,circular,Exactly,Ceramic,7.5YR8/2,Complete,100,moderate,,4.02,2.30,1.90,0.65,,,,,CNEA,,,,,,,,,,,,,,,,,,
A220035,7,B,39.43,0,0,,B22.0434,mortar,possible,,,,,triangular,rounded,Basalt,10YR6/1,Partial,35,fine,,445.00,9.94,7.27,5.46,,,,,DoA Karak,,,,,,,,,,,,,,,,,,
A220036,7,B,42.21,35,107,,,Jar Stopper,certain,,,,,circular,Nearly,Ceramic,5YR7/4,Complete,100,moderate,,23.38,3.92,3.55,1.38,,,,,CNEA,,,,,,,,,,,,,,,,,,
A220037,27,B,24.42,2,141,,,tool,possible,,,,,conical,Slightly,stone,5YR6/6,Complete,100,moderate,,24.87,5.52,1.79,1.36,,,,,CNEA,,,,,,,,,,,,,,,,,,
A220038,4,B,24.42,0,132,,,grinding stone,certain,,,,,cylindrical,Exactly,stone,10R6/1,Complete,100,fine,,1160.00,8.85,9.07,7.69,,,,,CNEA,,,,,,,,,,,,,,,,,,
A220039,7,B,24.42,0,132,,,Spindle Whorl,certain,,,,,circular,Nearly,Ceramic,5YR7/4,Partial,45,moderate,,5.53,4.24,2.35,0.58,,,,,CNEA,,,,,,,,,,,,,,,,,,
A220040,12,B,41.3,24,62,,B22.0613,grinding stone,possible,,,,,rectangular,Slightly,Basalt,Gley 2 4/10B,Partial,20,,,3175.00,300.00,140.00,95.00,,,,,DoA Karak,,,,,,,,,,,,,,,,,,
A220041,33,B,25.61,0,120,,B22.0613,pestle,probable,,,,,rectangular,Exactly,Basalt,Gley 1 5/N,Complete,98,moderate,,140.00,6.32,3.88,3.08,,,,,DoA Karak,,,,,,,,,,,,,,,,,,
A220042,13,B,25.62,1,240,,,grinding stone,probable,,,,,Loaf-Shaped,Nearly,Basalt,5YR6/2,Partial,50,,,310.00,9.28,6.27,3.28,,,,,DoA Karak,,,,,,,,,,,,,,,,,,
A220043,24,B,25.62,1,243,,,Spindle Whorl,certain,,,,,circular,Nearly,Ceramic,5YR8/3,Partial,50,,,16.08,4.67,2.66,1.24,,,,,CNEA,,,,,,,,,,,,,,,,,,
A220044,20,B,25.61,0,109,,,Jar Stopper,certain,,,,,circular,Nearly,Ceramic,5YR6/3,Complete,100,,,12.73,3.36,3.09,0.95,,,,,CNEA,,,,,,,,,,,,,,,,,,
A220045,19,B,25.62,1,236,,,grinding stone,certain,,,,,rectangular,Nearly,Basalt,5YR5/1,Partial,50,moderate,,1550.00,14.38,10.62,5.66,,,,,DoA Karak,,,,,,,,,,,,,,,,,,
A220046,54,B,24.42,26,162,,,Jar Stopper,probable,,,,,circular,Nearly,Ceramic,7.5YR8/1,Complete,100,moderate,,65.00,5.39,5.21,1.49,,,,,CNEA,,,,,,,,,,,,,,,,,,
A220047,9,B,25.61,5,113,,,needle,possible,,,,,rectilinear,,bone,7.5YR7/2,,,,,1.84,5.90,0.78,0.44,,,,,CNEA,,,,,,,,,,,,,,,,,,
A220048,10,B,25.61,5,113,,,pounder,probable,,,,,ovoid,Slightly,stone,7.5YR8/1,Partial,50,moderate,,250.00,6.19,5.96,4.43,,,,,CNEA,,,,,,,,,,,,,,,,,,
A220049,54,B,25.61,19,127,,,bead,certain,,,,,circular,Slightly,glass,Gley 1 4/N,Partial,50,,,4.46,2.07,1.50,0.88,,,,,CNEA,,,,,,,,,,,,,,,,,,
A220050,58,B,25.62,58,263,,,ring,possible,,,,,circular,Nearly,metal,10YR7/1,Partial,80,,,,1.35,0.50,0.30,,,,,CNEA,Lost in field,,,,,,,,,,,,,,,,,
A220051,38,B,25.61,19,123,,,bowl,probable,,,,,circular,Slightly,stone,7.5YR7/4,Partial,50,fine,,150.00,8.28,4.44,4.72,,,,,CNEA,,,,,,,,,,,,,,,,,,
A220052,8,B,25.62,1,232,,,Jar Stopper,probable,,,,,circular,Nearly,Ceramic,7.5YR7/3,Complete,100,moderate,,35.00,4.79,4.67,1.23,,,,,CNEA,,,,,,,,,,,,,,,,,,
A220053,18,B,25.62,1,229,,,grinding stone,probable,,,,,rectangular,somehwat,Basalt,7.5YR7/1,Complete,100,moderate,,420.00,7.96,6.34,5.61,,,,,DoA Karak,,,,,,,,,,,,,,,,,,
A220054,23,B,25.61,5,117,,,hand grinder,possible,,,,,triangular,elongated,Basalt,7.5YR8/1,Partial,40,moderate,,300.00,8.76,6.50,5.51,,,,,DoA Karak,,,,,,,,,,,,,,,,,,
A220055,26,B,25.62,35,245,,,Jar Stopper,probable,,,,,circular,Nearly,Ceramic,7.5YR8/3,Partial,40,moderate,,40.00,5.77,3.22,1.96,,,,,CNEA,,,,,,,,,,,,,,,,,,
A220056,2,B,42.21,33,103,,840.05,grinding stone,possible,,,,,crescent,Slightly,stone,7.5YR6/1,Partial,30,crude,,820.00,19.00,9.87,3.76,,,,,CNEA,,,,,,,,,,,,,,,,,,
A220057,32,B,25.61,5,115,,,Jar Stopper,probable,,,,,circular,Slightly,Ceramic,7.5YR8/3,Partial,60,crude,,30.00,5.29,4.19,1.17,,,,,CNEA,,,,,,,,,,,,,,,,,,
A220058,29,B,24.42,54,142,,,Spindle Whorl,probable,,,,,circular,Nearly,Ceramic,7.5YR7/4,Partial,40,moderate,,20.24,4.99,3.02,1.29,,,,,CNEA,,,,,,,,,,,,,,,,,,
A220059,25,B,25.61,5,118,,,hand grinder,possible,,,,,rectangular,Nearly,Basalt,5YR7/1,Complete,99,moderate,,1410.00,11.24,9.25,8.08,,,,,DoA Karak,,,,,,,,,,,,,,,,,,
A220060,4,B,42.21,33,103,,,hand grinder,probable,,,,,circular,Nearly,Basalt,5YR7/2,Complete,100,moderate,,355.00,6.96,6.79,5.18,,,,,DoA Karak,,,,,,,,,,,,,,,,,,
A220061,17,B,25.62,1,223,,,grinding stone,certain,,,,,circular,Nearly,Basalt,5YR6/1,Complete,100,moderate,,150.00,5.81,4.45,3.91,,,,,DoA Karak,,,,,,,,,,,,,,,,,,
A220062,17,B,24.42,2,141,,,Jar Stopper,probable,,,,,circular,Exactly,Ceramic,7.5YR8/1,Complete,100%,moderate,,7.78,2.61,2.77,0.91,,,,,CNEA,,,,,,,,,,,,,,,,,,
A220063,3,B,25.61,4,112,,,grinding stone,probable,,,,,circular,Nearly,Basalt,2.5Y8/1,Complete,100,crude,,955.00,9.80,9.30,6.38,,,,,DoA Karak,,,,,,,,,,,,,,,,,,
A220064,51,B,25.61,19,126,,,hand grinder,possible,,,,,rectangular,Nearly,Basalt,7.5YR6/1,Partial,50,moderate,,460.00,7.28,7.06,4.43,,,,,CNEA,,,,,,,,,,,,,,,,,,
A220065,50,B,24.42,26,157,,,Jar Stopper,probable,,,,,circular,Nearly,Ceramic,7.5YR8/1,Complete,100,moderate,,6.61,2.51,2.53,0.77,,,,,CNEA,,,,,,,,,,,,,,,,,,
A220066,48,B,24.42,26,150,,,Jar Stopper,probable,,,,,circular,Nearly,Ceramic,10YR8/2,Partial,90,moderate,,6.16,2.79,2.40,0.83,,,,,CNEA,,,,,,,,,,,,,,,,,,
A220067,34,B,25.61,0,121,,,hand grinder,probable,,,,,ovoid,Slightly,Basalt,10YR7/1,Partial,50,crude,,250.00,6.56,4.67,4.55,,,,,DoA Karak,,,,,,,,,,,,,,,,,,
A220068,49,B,24.42,26,150,,,Jar Stopper,,,,,,circular,Nearly,Ceramic,7.5YR8/1,Complete,100,moderate,,8.58,2.71,2.81,0.91,,,,,CNEA,,,,,,,,,,,,,,,,,,
A220069,19,B,69.52,0,0,,B22.0601,Bangle,certain,,,,,crescent,Slightly,glass,,Partial,15,moderate,striped,3.48,3.38,0.79,0.74,,,,,CNEA,"black, yellow, white",,,,,,,,,,,,,,,,,
A220070,2,B,42.21,33,103,,,grinding stone,possible,,,,,crescent,Nearly,Basalt,10YR6/1,Partial,40,crude,,830.00,20.40,8.87,3.44,,,,,DoA Karak,,,,,,,,,,,,,,,,,,
A220071,22,B,25.62,35,253,,,Jar Stopper,possible,,,,,circular,Nearly,Ceramic,5YR7/6,Complete,100,moderate,,9.08,3.47,3.10,0.68,,,,,CNEA,,,,,,,,,,,,,,,,,,
A220072,20,B,42.21,39,118,,,Jar Stopper,possible,,,,,ovoid,Slightly,Ceramic,5Y5/1,Complete,100,crude,,13.87,3.95,3.11,0.97,,,,,CNEA,,,,,,,,,,,,,,,,,,
A220073,22,B,25.61,5,117,,,lower grinding stone,possible,,,,,lunate,Slightly,Basalt,10YR7/1,Partial,,crude,,385.00,11.44,6.93,5.62,,,,,DoA Karak,,,,,,,,,,,,,,,,,,
A220074,9,B,36.39,0,0,,B22.0436,weight,possible,,,,,oblong,Slightly,limestone,2.5YR8/3,Partial,20,moderate,,590.00,14.00,6.59,3.84,,,,,DoA Karak,,,,,,,,,,,,,,,,,,
A220075,32,B,24.42,27,144,,,Jar Stopper,probable,,,,,circular,Nearly,Ceramic,7.5YR8/2,Complete,100,moderate,,3.99,2.26,2.32,0.75,,,,,CNEA,,,,,,,,,,,,,,,,,,
A220076,6,B,42.21,35,106,,B22.0286,grinding stone,probable,,,,,rectangular,Exactly,Basalt,Gley 1 5/N,Partial,30,moderate,,4928.00,18.50,17.00,7.42,,,,,DoA Karak,,,,,,,,,,,,,,,,,,
A220077,38,B,42.21,36,113,,B22.0529,lower grinding stone,,,,,,,,,,,,,,,,,,,,,,CNEA,,,,,,,,,,,,,,,,,,
A220078,53,B,42.21,26,162,,B22.0652,lower grinding stone,,,,,,,,,,,,,,,,,,,,,,CNEA,,,,,,,,,,,,,,,,,,
A220079,13,B,54.1,0,0,,B22.0590,Bangle,certain,,,,,crescent,Nearly,glass,10YR4/3,Partial,20,fine,,2.20,3.88,0.53,0.64,,,,,DoA Karak,,,,,,,,,,,,,,,,,,
A220080,27,B,69.7,7,18,,B22.0685,Bangle,certain,,,,,crescent,Nearly,glass,10R 2.5/1,Partial,20,mod,,2.69,0.65,0.38,7.57,,,,,CNEA,,,,,,,,,,,,,,,,,,
A220081,18,B,69.7,7,13,,,bowl,possible,,,,,triangular,Slightly,Basalt,7.5YR6/0,Partial,,mod,,837.00,15.10,8.80,3.60,,,,,CNEA,,,,,,,,,,,,,,,,,,
A220082,34,B,25.62,57,258,,,Jar Stopper,probable,,,,,circular,Nearly,Ceramic,7.5YR7/4,Complete,100,mod,,24.20,3.77,3.30,0.81,,,,,CNEA,,,,,,,,,,,,,,,,,,
A220083,27,B,25.62,55,246,,,Spindle Whorl,probable,,,,,crescent,Nearly,Ceramic,7.5YR8/2,Partial,50,crude,,30.58,6.63,3.53,1.73,,,,,CNEA,,,,,,,,,,,,,,,,,,
A220084,58,B,24.42,48,164,,,upper grinding stone,possible,,,,,ovoid,Nearly,Basalt,Gley 1 5/N,Partial,,mod,,6035.00,300.00,170.00,90.00,,,,,DoA Karak,,,,,,,,,,,,,,,,,,
A220085,30,B,69.7,16,20,,,mill stone,,,,,,,,,,,,,,,,,,,,,,DoA Karak,,,,,,,,,,,,,,,,,,
A220086,29,B,25.62,35,249,,,hand grinder,probable,,,,,Loaf-Shaped,Nearly,Basalt,Gley 2 3/10G,Partial,,mod,,485.00,9.90,7.64,4.61,,,,,DoA Karak,,,,,,,,,,,,,,,,,,
A220087,52,B,25.61,19,127,,,hand grinder,certain,,,,,circular,Nearly,stone,Gley 1 7/10Y,Complete,90,mod,,795.00,9.67,8.46,5.74,,,,,CNEA,,,,,,,,,,,,,,,,,,
A220088,11,B,25.62,1,,,,Upper Grinding Stone,probable,,,,,Loaf-Shaped,Slightly,Basalt,10YR4/1,Partial,100,mod,,1712.00,16.00,12.03,7.32,,,,,DoA Karak,,,,,,,,,,,,,,,,,,
A220089,55,B,24.42,26,162,,,hand grinder,possible,,,,,ovoid,Slightly,Basalt,10YR7/1,Partial,50,crude,,97.48,5.27,4.17,3.26,,,,,DoA Karak,,,,,,,,,,,,,,,,,,
A220090,14,B,25.62,50,239,,,upper grinding stone,possible,,,,,rectangular,Nearly,Basalt,5YR6/1,Partial,20,crude,,618.00,8.73,6.49,6.34,,,,,DoA Karak,,,,,,,,,,,,,,,,,,
A220091,28,B,25.61,5,113,,,UD,,,,,,rectangular,Slightly,Basalt,10YR3/2,Partial,,fine,,173.00,6.98,6.92,1.89,,,,,DoA Karak,,,,,,,,,,,,,,,,,,
A220092,16,B,42.21,39,121,,B22.0607,hand grinder,probable,,,,,circular,Nearly,Basalt,10YR7/1,Complete,100,,,1002.00,9.41,8.05,7.05,,,,,DoA Karak,,,,,,,,,,,,,,,,,,
A220093,22,B,24.42,26,145,,,whetstone,certain,,,,,triangular,rounded,stone,5YR5/2,Complete,100%,mod,,233.00,10.37,5.41,2.65,,,whole,,DoA Karak,,,,,,,,,,,,,,,,,,
A220094,10,B,25.62,1,,,,mortar,certain,,,,,ovoid,Slightly,Basalt,Gley 1 4/N,Partial,25%,mod,,9071.85,30.00,30.00,17.00,,,broken,1,DoA Karak,,,,,,11-Jul-22,Sam Fisher,,,,,,,,,,,
A220095,56,B,25.61,1,125,,,Jar Stopper,possible,,,,,circullar,Slightly,Ceramic,5YR6/4,Complete,100%,crude,,28.61,5.23,4.67,0.99,4.67,,whole,1,CNEA,,,,,,,,,,,,,,,,,,
A220096,20,B,69.7,7,15,,,nail,certain,,,,,linear,Nearly,metal,10R4/1,Partial,90%,mod,,2.27,3.66,1.79,0.61,,,broken,1,CNEA,,,,,,11-Jul-22,Sam Fisher,,,,,,,,,,,
A220097,2,B,25.61,4,112,,,Bead,certain,,,,,lentoid,Nearly,glass,10R2.5/2,Partial,70%,,,0.66,1.29,1.16,1.01,1.29,,broken,1,CNEA,,,,,,11-Jul-22,Sam Fisher,,,,,,,,,,,
A220098,12,B,55.5,0,0,,B22.0579,Bangle,possible,,,,,crescent,Slightly,glass,Gley 1 2.5/N,Partial,,,,2.98,3.24,0.81,0.94,,,broken,1,CNEA,,,,,,11-Jul-22,Sam Fisher,,,,,,,,,,,
A220099,29,B,69.7,7,18,,,UD,,,,,,lunate,Exactly,glass,Gley 2 7/5B,,,,,0.29,1.51,0.55,0.25,,,"broken,Partialile",1,CNEA,,,,,,11-Jul-22,Sam Fisher,,,,,,,,,,,
A220100,10,B,55.6,0,0,,B22.0577,Bangle,possible,,,,,lunate,Nearly,glass,Gley 2 6/10BG,Partial,,,,0.91,2.33,0.51,0.41,,,broken,1,CNEA,,,,,,11-Jul-22,Sam Fisher,,,,,,,,,,,
A220101,21,B,69.7,7,15,,B22.0614,Bangle,possible,,,,,lunte,Nearly,glass,Gley 1 2.5/N,Partial,,,,4.38,4.16,0.75,0.71,,,broken,1,CNEA,,,,,,11-Jul-22,Sam Fisher,,,,,,,,,,,
A220102,20,B,24.42,26,143,,,UD,,,,,,cylindricalNearly,,glass,Gley 2 3/10BG,Partial,,,,1.11,1.56,0.66,0.64,,,broken,1,CNEA,Also: 10R 4/6,,,,,11-Jul-22,Sam Fisher,,,,,,,,,,,
A220103,5,B,70.6,0,0,,B22.0426,Bangle,possible,,,,,Circular,Nearly,glass,Gley 2 4/10B,Partial,,,,4.38,3.15,0.91,0.82,,,broken,1,CNEA,Also: Gley 2 8/10B,,,,,11-Jul-22,Sam Fisher,,,,,,,,,,,
A220104,49,B,25.62,36,264,,,Weight,probable,,,,,donut,Nearly,Basalt,Gley 1 2.5/10Y,Partial,30%,mod,,868.00,15.58,5.54,5.55,,,broken,1,CNEA,,,,,,29-Jul-22,Roma,,,,,,,,,,,
A220105,22,B,69.7,7,15,,B22.0615,Bangle,uncertain,,,,,rectangular,,glass,10YR4/1,Partial,,,,0.84,1.69,0.64,0.41,,,broken,1,CNEA,,,,,,11-Jul-22,Sam Fisher,,,,,,,,,,,
A220106,55,B,25.61,19,127,,,UD,,,,,,rectangular,Nearly,iron,Gley 2 4/5PB,Partial,,very crude,,7.85,3.76,1.42,0.82,,,"broken,Partialile",1,CNEA,,,,,,11-Jul-22,Sam Fisher,,,,,,,,,,,
A220107,40,B,24.42,24,153,,,Bangle,possible,,,,,rectangular,Slightly,glass,Gley 1 2.5/N,Partial,,,,2.13,2.92,0.73,0.53,,,broken,1,CNEA,"Also: 5Y7/8, 2.5YR6/8, green",,,,,11-Jul-22,Sam Fisher,,,,,,,,,,,
A220108,66,B,25.62,52,261,,,Jar Stopper,possible,,,,,circular,Nearly,Ceramic,5YR6/6,Complete,100%,crude,,7.63,2.77,2.68,0.80,2.77,,whole,1,CNEA,,,,,,,,,,,,,,,,,,
A220109,2,B,25.61,19,127,,,Jar Stopper,possible,,,,,circular,Slightly,Ceramic,10YR7/4,Partial,80%,very crude,,38.30,4.95,4.43,1.66,4.95,,broken,1,CNEA,Also: 10YR5/1,,,,,10-Jul-22,Roma ,,,,,,,,,,,
A220110,65,B,25.62,36,367,,,UD,,,,,,circular,Exactly,Ceramic,5YR5/3,Complete,100%,mod,,6.94,2.51,2.33,1.05,2.51,,whole,1,CNEA,,,,,,26-Jul-22,Roma ,,,,,,,,,,,
A220111,44,B,25.62,35,253,,,Jar Stopper,possible,,,,,circular,Slightly,Ceramic,5YR7/6,Complete,100%,crude,,33.51,4.55,4.11,1.57,4.55,,whole,1,CNEA,,,,,,,,,,,,,,,,,,
A220112,60,B,25.61,19,130,,,Jar Stopper,probable,,,,,,,,,,,,,,,,,,,,,CNEA,,,,,,,,,,,,,,,,,,
A220113,5,B,42.21,33,103,,,Jar Stopper,uncertain,,,,,Circular,Slightly,Ceramic,5YR5/3,Complete,100,very crude,,54.13,6.56,6.07,1.11,,,whole,1,CNEA,,,,,,,,,,,,,,,,,,
A220114,31,B,24.42,26,143,,,Jar Stopper,possible,,,,,circular,Nearly,Ceramic,7.5YR7/4,Complete,100%,crude,,10.61,3.12,2.74,1.11,3.12,,whole,1,CNEA,,,,,,,,,,,,,,,,,,
A220115,70,B,24.42,26,163,,,Jar Stopper,possible,,,,,circular,Slightly,Ceramic,2.5YR6/6,Complete,100%,very crude,,20.20,4.08,4.06,1.14,4.08,,whole,1,CNEA,,,,,,,,,,,,,,,,,,
A220116,33,B,69.7,16,21,,,UD,,,,,,,,glass,Gley 1 8/N,Partial,,fine,,0.52,2.83,1.49,0.11,,,broken,2,CNEA,,,,,,11-Jul-22,Sam Fisher,,,,,,,,,,,
A220117,6,B,70.6,0,0,,B22.0427,Bangle,possible,,,,,circular,Slightly,glass,Gley 2 3/5B,Partial,10,,,1.95,3.20,0.61,0.55,,,broken,1,CNEA,"Also: 10R 4/6, Gley 1 8/N",,,,,11-Jul-22,Sam Fisher,,,,,,,,,,,
A220118,62,B,24.42,26,168,,,hand grinder,probable,,,,,Triangular,Slightly,Basalt,Gley 1 S/N,Complete,90,mod,,115.00,5.02,4.02,3.87,,,broken,1,DoA Karak,,,,,,24-Jul-22,Roma,,,,,,,,,,,
A220119,14,B,26.84,0,0,,B22.0727,Bangle,possible,,,,,circular,Nearly,glass,Gley 2 2.5/10G,Partial,,,,5.43,5.57,0.73,0.75,,,broken,1,CNEA,Also: 10R3/6,,,,,11-Jul-22,Sam Fisher,,,,,,,,,,,
A220120,23,B,25.62,51,242,,,grinding stone,possible,,,,,rectanglar,Slightly,Basalt,5YR6/1,Partial,,Crude,,667.00,11.01,7.20,5.20,,,,,DoA Karak,,,,,,,,,,,,,,,,,,
A220121,34,B,69.7,16,22,,,Metal,certain,,,,,rectanglar,Exactly,metal,,UD,,mod,,3.08,3.31,1.30,0.12,,,UD,,CNEA,,,,,,18-Jul-22,Roma,,,,,,,,,,,
A220122,37,B,25.62,36,259,,,Upper Grinding Stone,probable,,,,,Loaf-Shaped,Slightly,Basalt,10R5/1,Partial,30,Crude,,2037.00,11.11,10.20,9.49,,,,,DoA Karak,,,,,,,,,,,,,,,,,,
A220123,59,B,25.61,19,130,,,Whetstone,certain,,,,,rectangular,Nearly,Sandstone,5YR7/3,Partial,80%,mod,,225.00,8.50,4.90,3.30,,,broken,1,DoA Karak,,,,,,,,,,,,,,,,,,
A220124,65,B,24.42,20,170,,,grinding stone,possible,,,,,Spherical,Nearly,Basalt,5YR7/1,Partial,60,Crude,,825.00,9.88,8.20,7.10,,,,,DoA Karak,,,,,,,,,,,,,,,,,,
A220125,30,B,25.61,5,113,,,Jar Stopper,probable,,,,,circular,Nearly,Ceramic,7.5YR8/3,Complete,100%,mod,,179.00,9.57,8.30,2.10,,,whole,,CNEA,,,,,,,,,,,,,,,,,,
A220126,47,B,24.42,26,150,,,Jar Stopper,probable,,,,,circular,Nearly,Ceramic,7.5YR7/2,Complete,100%,crude,,66.20,5.70,5.71,1.79,,,whole,,CNEA,,,,,,24-Jul-22,Roma,,,,,,,,,,,
A220127,71,B,25.62,58,268,,,UD,,,,,,ovoid,Nearly,stone,5YR4/1,Partial,80,mod,,84.61,6.23,4.16,2.10,,,broken,1,DoA Karak,,,,,,,,,,,,,,,,,,
A220128,10,B,24.42,2,137,,,Bangle,possible,,,,,circular,Nearly,glass,Gley 1 8/N,Partial,,,,1.54,1.86,0.72,0.66,,,broken,1,CNEA,,,,,,,,,,,,,,,,,,
A220129,23,B,24.42,32,176,,,Bangle,possible,,,,,circular,Slightly,glass,Gley 2 4/10B,Partial,,,,1.45,1.48,0.89,0.64,,,broken,1,CNEA,,,,,,,,,,,,,,,,,,
A220130,8,B,24.42,2,134,,,Bangle,possible,,,,,circular,Slightly,glass,Gley 2 5/10 ,Partial,,,,1.39,2.39,0.74,0.52,,,broken,1,CNEA,,,,,,,,,,,,,,,,,,
A220131,4,B,39.93,0,0,,B22.0425,Bangle,possible,,,,,circular,Slightly,glass,Gley 2 3/5PB,Partial,,,,4.07,5.11,0.69,0.59,,,broken,1,CNEA,,,,,,,,,,,,,,,,,,
A220132,37,B,69.7,16,23,,,UD,,,,,,Triangular,Slightly,glass,7.5YR4/1,Partial,,fine,,0.26,1.66,1.25,0.09,,,broken,1,CNEA,,,,,,,,,,,,,,,,,,
A220133,38,B,69.7,16,24,,B22.0876,Ring,uncertain,,,,,circular,Nearly,metal ,2.5YR3/2,Partial,75,mod,,1.29,2.16,1.81,0.35,2.16,,broken,1,CNEA,,,,,,,,,,,,,,,,,,
A220134,39,B,69.7,16,24,,,UD,,,,,,rectangular,Slightly,glass,Gley 1 8/10GY,Partial,,fine,,0.95,2.04,1.49,0.21,,,broken,1,CNEA,,,,,,,,,,,,,,,,,,
A220135,51,B,24.42,26,157,,,UD,,,,,,lunate,Slightly,metal ,Gley 2 4/5PB,,,mod,,1.36,1.30,0.56,0.56,,,broken,1,CNEA,,,,,,,,,,,,,,,,,,
A220136,27,B,42.21,44,134,,,UD,,,,,,Oblong,Slightly,Metal,7.5YR3/2,Partial,,Very Crude,,4.01,4.43,1.16,0.80,,,,,CNEA,,,,,,,,,,,,,,,,,,
A220137,64,B,25.61,43,131,,,UD,,,,,,linear,Slightly,Iron?,10R2.5/1,Partial,,very crude,,4.56,4.11,0.91,0.84,,,broken,1,CNEA,,,,,,,,,,,,,,,,,,
A220138,52,B,25.62,36,264,,,pounder,probable,,,,,spherical,Nearly,Basalt,Gley 1 5/2,Partial,60,mod,,750.00,9.48,3.24,5.70,,,broken,1,DoA Karak,,,,,,,,,,,,,,,,,,
A220139,53,B,24.42,26,165,,,hand grinder,probable,,,,,ovoid,Slightly,Basalt,Gley 1 5/2,Partial,50,crude,,469.00,11.10,7.80,5.00,,,broken,1,DoA Karak,,,,,,,,,,,,,,,,,,
A220140,53,B,24.42,26,162,,,lower grinding stone,certain,,,,,rectangular,Nearly,,5Y8/1,Partial,60,fine,,,45.00,42.00,27.00,,,broken,1,Field,,,,,,,,,,,,,,,,,,
A220141,38,B,24.42,26,151,,,lower grinding stone,certain,,,,,rectangular,Nearly,Basalt,5Y8/1,Partial,90,fine,,,70.00,5.14,34.00,,,broken,1,Field,,,,,,,,,,,,,,,,,,
A220142,78,B,25.62,58,274,,B22.0969,mortar,certain,,,,,triangular,Slightly,limestone,Gley 1 2.5/10Y,Complete,100,mod,,,56.00,31.00,21.00,,,whole,1,Field,,,,,,,,,,,,,,,,,,
A220143,53,B,25.62,53,263,,,grinding stone,certain,,,,,crescent,Nearly,stone,5Y4/1,Complete,100,crude,,5866.00,24.40,14.60,12.60,,,whole,1,DoA Karak,,,,,,,,,,,,,,,,,,
A220144,36,B,69.7,16,23,,B22.0833,quern,probable,,,,,rectangular,Slightly,Basalt,5YR6/1,Partial,80,mod,,,32.00,28.20,19.00,,,broken,1,DoA Karak,,,,,,,,,,,,,,,,,,
A220145,83,B,25.64,58,276,,,grinding stone,certain,,,,,Loaf-Shaped,,stone,5YR6/1,Complete,100,mod,,2147.00,18.00,14.80,5.00,,,whole,1,DoA Karak,,,,,,,,,,,,,,,,,,
A220146,32,B,42.21,48,142,,,UD,,,,,,ovoid,Nearly,stone,5YR5/1,Complete,100,mod,,5.62,2.45,2.00,0.99,,,whole,1,CNEA,,,,,,,,,,,,,,,,,,
A220147,13,B,42.21,39,116,,,hand grinder,probable,,,,,ovoid,Slightly,stone,,Complete,100,crude,,266.00,6.94,6.08,4.41,,,whole,1,DoA Karak,,,,,,,,,,,,,,,,,,
A220148,25,B,41.3,26,67,,,whirlygig,certain,,,,,circular,Nearly,Ceramic,,Partial,60,mod,punctured,3.00,3.10,1.92,0.66,,,broken,1,CNEA,,,,,,,,,,,,,,,,,,
A220149,64,B,24.42,26,162,,,hand grinder,probable,,,,,pyramidal,Nearly,Basalt,,Partial,10,mod,,30.00,5.78,5.71,2.16,,,broken,1,DoA Karak,,,,,,,,,,,,,,,,,,
A220150,10,B,42.21,36,113,,,grinding stone,certain,,,,,rectangular,Nearly,Basalt,,Partial,20,crude,,1162.00,1.01,9.68,7.24,,,broken,1,DoA Karak,,,,,,,,,,,,,,,,,,
A220151,88,B,24.42,39,190,,B22.0999,mortar,certain,,,,,triangular,rounded,limestone,7.5YR8/4,Complete,100,crude,,,32.00,24.70,11.60,,,whole,1,DoA Karak,,,,,,,,,,,,,,,,,,
A220152,250,B,25.62,36,264,,,grinding stone,certain,,,,,Loaf-Shaped,Nearly,Basalt,10YR8/3,Partial,70,crude,,2209.00,18.70,11.80,6.40,,,broken,1,DoA Karak,,,,,,,,,,,,,,,,,,
A220153,73,B,25.62,61,270,,B22.0814,hand grinder,probable,,,,,Loaf-Shaped,Nearly,limestone,10YR7/4,Partial,80,crude,,272.00,7.78,7.24,3.71,,,broken,1,DoA Karak,,,,,,,,,,,,,,,,,,
A220154,64,B,25.62,58,263,,,hand grinder,probable,,,,,Rectangular,Nearly,Sandstone,10YR6/2,Partial,80,Crude,,280.00,7.77,5.13,4.69,,,,,DoA Karak,,,,,,,,,,,,,,,,,,
A220155,56,B,64.7,16,28,,,Bangle,certain,,,,,Circular,Nearly,glass,Gley 1 4/N,Partial,10,mod,,0.67,1.65,0.50,0.43,,,broken,1,CNEA,,,,,,,,,,,,,,,,,,
A220156,21,B,41.3,26,68,,,shell,certain,,,,,triangular,Slightly,shell,10R8/1,Partial,,,,1.20,2.60,1.40,0.44,,,broken,1,CNEA,,,,,,,,,,,,,,,,,,
A220157,91,B,24.42,39,190,,B22.1000,lower grinding stone,certain,,,,,rectangular,rounded,Basalt,5YR6/1,Partial,70,mod,,20.00,23.80,26.50,10.60,,,broken,1,DoA Karak,,,,,,,,,,,,,,,,,,
A220158,55,B,69.7,16,28,,,Bangle,certain,,,,,Circular,Nearly,glass,Gley 1 3/10Y,Partial,10,mod,,0.78,1.83,0.58,0.54,,,broken,1,CNEA,,,,,,,,,,,,,,,,,,
A220159,28,B,42.21,46,136,,,hand grinder,certain,,,,,amorphous,,Basalt,10YR6/1,Partial,40,mod,,297.00,6.86,5.57,4.43,,,broken,1,CNEA,,,,,,,,,,,,,,,,,,
A220160,81,B,25.62,58,276,,,Jar Stopper,probable,,,,,circular,Nearly,Ceramic,5YR7/3,Complete,100,mod,,21.19,4.17,3.13,1.05,,,whole,1,CNEA,,,,,,,,,,,,,,,,,,
A220161,77,B,25.62,58,274,,,Jar Stopper,probable,,,,,,,,,,,,,,,,,,,,,CNEA,,,,,,,,,,,,,,,,,,
A220162,99,B,25.62,1,134,,,mortar,certain,,,,,rectangular,Slightly,Basalt,10YR8/1,Partial,,mod,,6777.00,12.01,9.93,4.06,,,broken,1,DoA Karak,,,,,,,,,,,,,,,,,,
A220163,75,B,24.42,34,181,,,hand grinder,certain,,,,,circular,Nearly,Basalt,10YR8/1,Partial,60,mod,,634.00,10.85,8.99,3.69,,,broken,1,DoA Karak,,,,,,,,,,,,,,,,,,
A220164,68,B,25.62,58,268,,,mortar,probable,,,,,lentoid,Slightly,Basalt,5YR7/1,Partial,30,mod,,79.00,4.69,4.65,2.48,,,broken,1,DoA Karak,,,,,,,,,,,,,,,,,,
A220165,31,B,69.7,16,21,,B22.0759,lower grinding stone,probable,,,,,Conical,Nearly,Basalt,Gley 1 5/2,Partial,10,crude,,116.00,16.50,7.50,5.80,,,broken,1,DoA Karak,,,,,,,,,,,,,,,,,,
A220166,63,B,25.62,36,267,,,hand grinder,certain,,,,,circular,Nearly,Basalt,2.5YR/1,Complete,100,crude,,460.00,7.50,6.95,5.69,,,whole,,DoA Karak,,,,,,,,,,,,,,,,,,
A220167,89,B,25.62,39,279,,,pounder,probable,,,,,ovoid,Slightly,stone,5YR8/2,Partial,90,very crude,,580.00,7.58,7.16,6.76,,,broken,1,CNEA,,,,,,,,,,,,,,,,,,
A220168,115,B,24.42,60,180,,,Jar Stopper,certain,,,,,disk,Nearly,Ceramic,,Complete,100,crude,,7.00,2.17,2.40,0.93,,,whole,1,CNEA,,,,,,,,,,,,,,,,,,
A220169,116,B,24.42,60,180,,,Jar Stopper,probable,,,,,circular,Slightly,Ceramic,7.5YR7/3,Partial,70,mod,,61.28,5.90,1.33,0.17,,,broken,1,CNEA,,,,,,,,,,,,,,,,,,
A220170,27,B,41.3,26,69,,,Jar Stopper,probable,,,,,,,,,,,,,,,,,,,,,CNEA,,,,,,,,,,,,,,,,,,
A220171,79,B,25.62,58,274,,,Jar Stopper,probable,,,,,circular ,Nearly,Ceramic,7.5YR7/1,,,,,3.99,5.17,4.33,1.60,,,whole,1,CNEA,,,,,,,,,,,,,,,,,,
A220172,82,B,25.61,44,136,,,hand grinder,probable,,,,,conical,Slightly,Basalt,10YR6/1,partial,50,crude,,356.00,5.58,7.29,7.07,,,,,CNEA,,,,,,,,,,,,,,,,,,
A220173,79,B,24.42,61,186,,,pestle,certain,,,,,spherical,Nearly,Basalt,5YR6/1,Complete,100,fine,,259.00,6.13,5.98,4.55,,,whole,1,DoA Karak,,,,,,,,,,,,,,,,,,
A220174,25,B,25.62,39,284,,,Jar Stopper,probable,,,,,circular,Nearly,Ceramic,10YR7/1,Complete,100,mod,,11.93,3.20,2.86,0.98,,,whole,1,CNEA,,,,,,,,,,,,,,,,,,
A220175,250,B,25.62,36,264,,,hand grinder,certain,,,,,spherical,Nearly,basalt,7.5YR6/1,Complete,100,mod,,730.00,8.46,7.08,6.91,,,whole,1,DoA Karak,,,,,,,,,,,,,,,,,,
A220176,35,B,25.62,56,257,,,grinding stone,certain,,,,,Loaf-Shaped,Slightly,stone,7.5YR5/1,Partial,80,crude,,1104.00,12.72,10.50,5.23,,,broken,1,DoA Karak,,,,,,,,,,,,,,,,,,
A220177,60,B,64.7,20,35,,,Vessel,possible,,,,,,,Faience,2.5Y8/2,Partial,10,fine,,1.05,15.68,12.67,3.69,,,broken,1,CNEA,Rim,,,,,,,,,,,,,,,,,
A220178,24,B,42.21,72,205,,,grinding stone,probable,,,,,rectangular,Slightly,Basalt,5YR6/1,Partial,80,crude,,2235.00,14.12,13.10,7.51,,,broken,1,DoA Karak,,,,,,,,,,,,,,,,,,
A220179,42,B,69.7,16,25,,,UD,,,,,,rectangular,Slightly,metal,7.5YR2.5/3,Partial,,UD,,3.12,30.50,20.00,2.60,,,broken,2,CNEA,,,,,,,,,,,,,,,,,,
A220180,74,B,25.61,1,133,,,bowl,certain,,,,,rectangular,Slightly,Basalt,10YR3/1,Partial,20,fine,,353.00,5.54,8.60,2.72,,,broken,1,DoA Karak,,,,,,,,,,,,,,,,,,
A220181,100,B,25.62,61,278,,,Jar Stopper,probable,,,,,circular,Nearly,Ceramic,7.5YR6/6,Complete,100,mod,,2.63,4.39,4.49,1.14,,,whole,1,CNEA,,,,,,,,,,,,,,,,,,
A220182,24,B,24.42,35,204,,,pestle,probable,,,,,conical,Slightly,stone,10YR6/2,Complete,100,,,9.00,1.95,1.66,1.78,,,whole,1,CNEA,,,,,,,,,,,,,,,,,,
A220183,23,B,42.21,41,127,,,Loom Weight,certain,,,,,Pyramidal,,Clay,5YR7/4,partial,80,Crude,,225.00,70.14,41.84,35.12,,5.02,,3,CNEA,,,,,,,,,,,,,,,,,,
A220184,44,B,42.21,48,142,,,UD,,,,,,Amorphous,Slightly,Basalt,10YR3/1,Partial,,Mod,,102.00,7.70,4.41,2.48,,,,1,CNEA,,,,,,,,,,,,,,,,,,
A220185,42,B,42.21,48,147,,,pestle,probable,,,,,Triangular,Slightly,Basalt,Gley 1 7/1,Complete,100,crude,,135.00,5.21,4.16,4.47,,,,,CNEA,,,,,,,,,,,,,,,,,,
A220186,101,B,25.62,39,285,,,Jar Stopper,probable,,,,,Circular,Nearly,Ceramic,,partial,60,Mod,,54.00,7.78,1.07,5.20,,,,,CNEA,,,,,,,,,,,,,,,,,,
A220187,33,B,42.21,0,0,,,pestle,probable,,,,,Conical,Slightly,Basalt,Gley 1 6/2,partial,90,Crude,,154.00,5.14,4.19,5.01,,,,,DoA Karak,,,,,,,,,,,,,,,,,,
A220188,60,B,25.62,58,263,,,lower grinding stone,probable,,,,,rectangular,Slightly,Basalt,Gley 1 3/2,partial,20,crude,,376.00,9.62,7.63,3.96,,,,,DoA Karak,,,,,,,,,,,,,,,,,,
A220189,67,B,42.21,53,154,,B22.1204,pestle,certain,,,,,conical,Nearly,Stone,,partial,70,mod,,2511.00,16.60,10.77,,,,,,DoA Karak,,,,,,,,,,,,,R22009,,,,,
A220190,71,B,42.21,53,156,,,mortar,certain,,,,,circular,Nearly,Basalt,7.5YR5/1,partial,90,crude,,,22.80,20.10,5.98,,,,,DoA Karak,,,,,,,,,,,,,,,,,,
A220191,46,B,42.21,48,151,X,,pounder,possible,,,,,spherical,Nearly,Basalt,5YR5/1,Complete,100,mod,,574.00,7.44,7.47,6.24,,,,,CNEA,,,,,,,,,,,,,,,,,,
A220192,175,B,24.42,61,213,,,hand grinder,probable,,,,,crescent,Slightly,Basalt,5YR5/1,partial,40,mod,,472.00,8.07,8.55,4.87,,,,,DoA Karak,,,,,,,,,,,,,,,,,,
A220193,48,B,42.21,48,151,,,pounder,certain,,,,,spherical,Nearly,Basalt,5Y6/1,Complete,100,crude,,691.00,9.63,9.18,6.48,,,,,CNEA,,,,,,,,,,,,,,,,,,
A220194,158,B,24.42,39,208,,,Jar Stopper,,,,,,,,,,,,,,,,,,,,,,CNEA,,,,,,,,,,,,,,,,,,
A220195,61,B,24.42,26,168,,,grinding stone,probable,,,,,rectangular,slightly,basalt,5YR6/1,Partial,70,Moderate,,849.00,9.65,8.72,6.43,,,,,DoA Karak,,,,,,,,,,,,,,,,,,
A220196,105,B,25.62,58,291,,,pounder,probable,,,,,spherical,nearly,basalt,5YR7/1,Complete,100,Moderate,,421.00,6.92,6.74,6.21,,,,,DoA Karak,,,,,,,,,,,,,,,,,,
A220197,49,B,42.21,52,153,,,pounder,Possible,,,,,Circular,nearly,basalt,10YR7/1,Complete,100,Crude,,1405.00,12.77,10.90,5.98,,,,,CNEA,,,,,,,,,,,,,,,,,,
A220198,153,B,24.42,35,204,,,hand grinder,certain,,,,,Circular,nearly,basalt,5YR7/1,Complete,100,Moderate,,267.00,7.39,6.40,4.24,,,,,DoA Karak,,,,,,,,,,,,,,,,,,
A220199,170,B,24.42,61,210,,,pestle,certain,,,,,Circular,nearly,basalt,10YR8/1,Partial,70,Moderate,,40.62,3.76,3.13,2.52,,,,,CNEA,,,,,,,,,,,,,,,,,,
A220200,50,B,42.21,52,153,,,Loom Weight,,,,,,,,,,,,,,354.00,5.87,4.36,4.70,,,,12,CNEA,,,,,,,,,,,,,,,,,,
A220201,106,B,25.62,1,292,,,Loom Weight,,,,,,,,,,,,,,,,,,,,,,CNEA,,,,,,,,,,,,,,,,,,
A220202,71,B,24.42,26,175,,,hand grinder,possible,,,,,Ovoid,Nearly,Basalt,5YR6/1,Complete,100,Crude,,263.00,7.14,6.52,4.19,,,,,DoA Karak,,,,,,,,,,,,,,,,,,
A220203,48,B,25.62,36,264,,,weight,probable,,,,,Crescent,Slightly,Basalt,5YR5/1,Partial,20,Crude,,508.00,9.97,6.21,5.45,,,,,CNEA,,,,,,,,,,,,,,,,,,
A220204,73,B,25.61,1,133,,,pounder,probable,,,,,cuboid,,Basalt,5YR7/1,Complete,100,Moderate,,744.00,7.75,6.78,7.12,,,,,DoA Karak,,,,,,,,,,,,,,,,,,
A220205,70,B,25.62,62,70,,,grinding stone,probable,,,,,Lunate,Nearly,Basalt,5YR6/1,Partial,,Moderate,,1095.00,14.92,9.92,5.67,,,,,DoA Karak,,,,,,,,,,,,,,,,,,
A220206,64,B,41.3,27,80,,,hand grinder,certain,,,,,Spherical,Nearly,Basalt,5YR5/1,Complete,100,Fine,,312.00,6.66,6.01,4.54,,,,,CNEA,,,,,,,,,,,,,,,,,,
A220207,174,B,24.42,39,209,,,Juglet,probable,,,,,Rectangular,Slightly,Glass,,Partial,,Fine,,0.65,1.80,0.80,0.30,,,,,CNEA,,,,,,,,,,,,,,,,,,
A220208,86,B,69.7,17,36,,,UD,,,,,,Rectilinear,Slightly,Metal,2.5YR3/1,Partial,,,,5.17,4.36,0.78,0.90,,,,,CNEA,,,,,,,,,,,,,,,,,,
A220209,173,B,24.42,39,209,,,Jar Stopper,probable,,,,,Circular,Nearly,Ceramic,7.5YR7/2,Complete,100,Crude,,30.10,5.22,5.12,1.06,,,,,CNEA,,,,,,,,,,,,,,,,,,
A220210,148,B,24.42,39,190,,,Jar Stopper,probable,,,,,Circular,Nearly,Ceramic,10YR7/4,Complete,100,Moderate,,14.31,3.96,3.84,0.94,,,,,CNEA,,,,,,,,,,,,,,,,,,
A220211,108,B,25.62,58,291,,,weight,probable,,,,,Spherical,Nearly,Stone?,,,,,,18.92,2.87,2.95,3.07,,,,,CNEA,,,,,,,,,,,,,,,,,,
A220212,79,B,42.21,79,157,,,spatula,probable,,,,,Triangular,Slightly,Bone,10YR8/4,Partial,,Moderate,,0.13,4.44,1.71,0.61,,,,,CNEA,,,,,,,,,,,,,,,,,,
A220213,51,B,69.7,16,28,,B22.1019,Bangle,Certain,,,,,Circular,Slightly,Glass,10YR4/4,Partial,20,Fine,Incised,2.09,2.77,0.68,0.66,,,,,CNEA,,,,,,,,,,,,,,,,,,
A220214,76,B,69.7,21,39,,,Bangle,certain,,,,,Circular,Nearly,Glass,Gley 1 5/5G,,,,,,,,,,,,,CNEA,,,,,,,,,,,,,,,,,,
A220215,71,B,69.7,97,36,,B22.1133,Bangle,certain,,,,,Circular,Nearly,Glass,Gley 1 7/N,Partial,10,Very Fine,Striped,4.93,5.11,0.72,0.72,,,,,CNEA,,,,,,,,,,,,,,,,,,
A220216,78,B,69.7,17,40,,B22.1186,Bangle,certain,,,,,Circular,Nearly,Glass,10YR2/1,Partial,10,Very Fine,Fluted,2.93,3.04,0.75,0.73,,,,,CNEA,,,,,,,,,,,,,,,,,,
A220217,66,B,69.7,17,37,,,Bangle,certain,,,,,Circular,Nearly,Glass,10YR2/1,Partial,10,Very Fine,,2.67,3.88,0.72,0.63,,,,,CNEA,,,,,,,,,,,,,,,,,,
A220218,70,B,69.7,17,36,,,Bangle,certain,,,,,Circular,Nearly,Glass,10YR3/1,Partial,10,Fine,Etched,2.53,2.56,0.90,0.73,,,,,CNEA,,,,,,,,,,,,,,,,,,
A220219,64,B,69.7,20,30,,,Bangle,certain,,,,,Circular,Nearly,Glass,10YR2/1,Partial,10,Very Fine,Striped,1.49,2.34,0.67,0.53,,,,,CNEA,,,,,,,,,,,,,,,,,,
A220220,59,B,41.3,27,77,,B22.1317,Mortar,certain,,,,,ovoid,Nearly,Basalt,5YR6/1,Complete,100,Moderate,,5233.00,24.00,18.70,11.20,,,,,DoA Karak,,,,,,,,,,,,,,,,,,
A220221,55,B,41.3,27,77,,B22.1303,Mortar,certain,,,,,Rectangular,Slightly,Basalt,Gley 1 4/N,Complete,100,Moderate,,,29.00,37.40,23.60,,,,,DoA Karak,,,,,,,,,,,,,,,,,,
A220222,62,B,41.3,27,77,,B22.1353,Pestle,certain,,,,,ovoid,Nearly,Limestone,5YR7/1,Complete,100,Moderate,,1094.00,11.02,8.47,6.32,,,,,CNEA,,,,,,,,,,,,,,,,,,
A220223,83,B,42.21,55,157,,B22.1259,Loom Weight,probable,,,,,Amorphous,Slightly,Basalt,10YR8/3,Partial,,Crude,,1305.00,12.94,8.62,6.35,,,,,CNEA,,,,,,,,,,,,,,,,,,
A220224,83,B,25.61,4,135,,,Weight,,,,,,,,,,,,,,,,,,,,,,DoA Karak,,,,,,,,,,,,,,,,,,
A220225,84,B,42.21,55,157,,B22.1260,Jar Stopper,probable,,,,,Circular,Nearly,Ceramic,10YR5/2,Partial,,Moderate,,36.00,7.47,6.22,0.64,,,,,CNEA,,,,,,,,,,,,,,,,,,
A220226,33,B,41.3,26,71,,B22.1077,Spindle Whorl,,,,,,,,,,,,,,,,,,,,,,CNEA,,,,,,,,,,,,,,,,,,
A220227,51,B,41.3,27,76,,,Loom Weight,certain,,,,,Triangular,Slightly,Clay,5YR5/4,Partial,30,Moderate,,165.00,5.74,4.68,4.51,,,,,CNEA,,,,,,,,,,,,,,,,,,
A220228,97,B,42.21,43,164,X,,Loom Weight,,,,,,,,,,,,,,,,,,,,,,CNEA,,,,,,,,,,,,,,,,,,
A220229,96,B,42.21,56,162,,,Loom Weight,certain,,,,,Rectangular,Nearly,Clay,5YR7/3,Partial,90,Moderate,,625.00,12.01,6.67,6.43,,0.54,,,CNEA,,,,,,,,,,,,,,,,,,
A220230,50,B,41.3,27,76,,B22.1278,Loom Weight,probable,,,,,Rectangular,Nearly,Clay,5YR7/1,Partial,10,Moderate,,30.00,3.59,3.40,2.80,,,,,DoA Karak,,,,,,,,,,,,,,,,,,
A220231,53,B,41.3,27,76,,B22.1301,Loom Weight,,,,,,,,,,,,,,,,,,,,,,CNEA,,,,,,,,,,,,,,,,,,
A220232,68,B,42.21,53,154,,B22.1205,Loom Weight,possible,,,,,Rectangular,Nearly,Clay,7.5YR7/2,Partial,70,Moderate,,230.00,6.15,5.31,4.68,,0.87,,,CNEA,,,,,,,,,,,,,,,,,,
A220233,58,B,42.21,53,154,,,Loom Weight,Certain,,,,,Pyramidal,,Clay,5YR7/4,Partial,,Crude,,445.00,10.16,6.95,5.37,,1.60,,,CNEA,,,,,,,,,,,,,,,,,,
A220234,91,B,42.21,55,156,,,Loom Weight,probable,,,,,,,Clay,5YR7/2,Partial,,Moderate,,65.00,6.20,2.30,,,,,,CNEA,,,,,,,,,,,,,,,,,,
A220235,74,B,41.3,27,81,,,Figurine,probable,,,Zoomorphic,,Conical,,Ceramic,7.5YR6/3,Partial,10,Crude,,16.00,3.56,,,2.28,,,,CNEA,leg?,,,,,,,,,,,,,,,,,
A220236,45,B,41.3,26,75,,B22.1238,Loom Weight,probable,,,,,Pyramidal,Nearly,Clay,7.5YR7/3,Partial,70,Moderate,,170.00,6.94,4.47,4.44,,,,,CNEA,,,,,,,,,,,,,,,,,,
A220237,15,B,42.29,39,19,,,UD,,,,,,Rectangular,Slightly,Bone,Gley 2 8/10B,Partial,,Moderate,,0.42,1.50,0.55,0.43,,,,,CNEA,,,,,,,,,,,,,,,,,,
A220238,15,B,55.88,0,0,,B22.0928,Ring,probable,,,,,Crescent,Nearly,Metal,Gley 1 5/5G,Partial,60,Crude,,1.19,1.94,0.34,0.36,,,,,CNEA,,,,,,,,,,,,,,,,,,
A220239,40,B,69.7,16,25,,,Bangle,probable,,,,,Crescent,Slightly,Glass,2.5Y4/1,Partial,,Moderate,,0.67,1.56,0.58,0.46,,,,,CNEA,,,,,,,,,,,,,,,,,,
A220240,43,B,69.7,16,25,,B22.0927,Bangle,probable,,,,,Crescent,Slightly,Glass,10YR3/2,Partial,,Moderate,Appliqued,2.15,1.89,0.87,0.79,,,,,CNEA,,,,,,,,,,,,,,,,,,
A220241,18,B,41.3,26,67,,B22.0853,UD,,,,Worked,,Oblong,,Bone,10YR8/6,Partial,,Crude,,1.21,2.12,0.74,0.62,,,,,CNEA,,,,,,,,,,,,,,,,,,
A220242,39,B,42.21,50,145,,,spatula,probable,,,,,Oblong,Nearly,Bone,10YR8/3,Partial,,Fine,,1.49,3.49,1.70,0.22,,,,,CNEA,,,,,,,,,,,,,,,,,,
A220243,89,B,69.7,17,43,,B22.1240,Bangle,probable,,,,,Crescent,Slightly,Glass,Gley 1 4/N,Partial,,Fine,,3.53,2.88,0.88,0.83,,,,,CNEA,,,,,,,,,,,,,,,,,,
A220244,114,B,25.62,58,291,,,Jar Stopper,certain,,,,,Circular,Nearly,Ceramic,10YR7/4,Complete,100,Crude,,7.35,,,0.68,3.15,,,,CNEA,,,,,,,,,,,,,,,,,,
A220245,100,B,69.7,29,48,,B22.1337,Bangle,certain,,,,,Crescent,Slightly,Glass,10R4/1,Partial,10,Moderate,,1.72,2.74,0.61,0.56,,,,,CNEA,,,,,,,,,,,,,,,,,,
A220246,101,B,69.7,29,48,,B22.1338,nail,,,,,,,,,,,,,,,,,,,,,,CNEA,,,,,,,,,,,,,,,,,,
A220247,97,B,69.7,17,47,,B22.1334,Bangle,,,,,,,,,,,,,,,,,,,,,,CNEA,,,,,,,,,,,,,,,,,,
A220248,52,B,41.3,27,76,,B22.1278,spatula,,,,,,,,,,,,,,,,,,,,,,CNEA,,,,,,,,,,,,,,,,,,
A220249,86,B,42.21,55,157,,,ring,,,,,,,,,,,,,,,,,,,,,,CNEA,,,,,,,,,,,,,,,,,,
A220250,99,B,69.7,29,48,,B22.1336,Bangle,,,,,,,,,,,,,,,,,,,,,,CNEA,,,,,,,,,,,,,,,,,,
A220251,60,B,42.21,53,154,,,Ceramic,,,,,,,,,,,,,,,,,,,,,,CNEA,,,,,,,,,,,,,,,,,,
A220252,150,B,24.42,35,204,,,Spindle Whorl,,,,,,,,,,,,,,,,,,,,,,CNEA,,,,,,,,,,,,,,,,,,
A220253,83,B,69.7,17,40,,,quern,,,,,,,,,,,,,,,,,,,,,,DoA Karak,,,,,,,,,,,,,,,,,,
A220254,172,B,24.42,61,210,,B22.1213,Lower Grinding Stone,,,,,,,,,,,,,,,,,,,,,,DoA Karak,,,,,,,,,,,,,,,,,,
A220255,63,B,41.3,26,78,,B22.1410,lower grinding stone,,,,,,,,,,,,,,,,,,,,,,DoA Karak,,,,,,,,,,,,,,,,,,
A220256,38,B,41.3,27,73,,,Loom Weight,,,,,,,,,,,,,,,,,,,,,,CNEA,,,,,,,,,,,,,,,,,,
A220257,41,B,41.3,27,44,,,Loom Weight,,,,,,,,,,,,,,,,,,,,,,CNEA,,,,,,,,,,,,,,,,,,
A220258,37,B,41.3,27,73,,B22.1132,Loom Weight,,,,,,,,,,,,,,,,,,,,,,CNEA,,,,,,,,,,,,,,,,,,
A220259,46,B,41.3,26,75,,,Loom Weight,,,,,,,,,,,,,,,,,,,,,,CNEA,,,,,,,,,,,,,,,,,,
A220260,34,B,41.3,26,71,,B22.1090,Loom Weight,,,,,,,,,,,,,,,,,,,,,,CNEA,,,,,,,,,,,,,,,,,,
A220261,36,B,42.21,46,141,,,Loom Weight,,,,,,,,,,,,,,,,,,,,,,CNEA,,,,,,,,,,,,,,,,,,
A220262,66,B,42.21,53,154,,B22.1203,Loom Weight,,,,,,,,,,,,,,,,,,,,,,CNEA,,,,,,,,,,,,,,,,,,
A220263,36,B,25.62,36,259,,,Loom Weight,,,,,,,,,,,,,,,,,,,,,,CNEA,,,,,,,,,,,,,,,,,,
A220264,40,B,41.3,27,73,,B22.1174,Loom Weight,,,,,,,,,,,,,,,,,,,,,,CNEA,,,,,,,,,,,,,,,,,,
A220265,43,B,41.3,27,74,,,Loom Weight,,,,,,,,,,,,,,,,,,,,,,CNEA,,,,,,,,,,,,,,,,,,
A220266,64,B,42.21,53,154,,B22.1201,Loom Weight,,,,,,,,,,,,,,,,,,,,,,CNEA,,,,,,,,,,,,,,,,,,
A220267,69,B,42.21,53,154,,,Loom Weight,,,,,,,,,,,,,,,,,,,,,,CNEA,,,,,,,,,,,,,,,,,,
A220268,131,B,25.62,39,303,,,hand grinder,,,,,,,,,,,,,,,,,,,,,,CNEA,,,,,,,,,,,,,,,,,,
A220269,119,B,25.62,65,299,,,Upper Grinding Stone,,,,,,,,,,,,,,,,,,,,,,DoA Karak,,,,,,,,,,,,,,,,,,
A220270,109,B,25.61,19,153,,,mortar,,,,,,,,,,,,,,,,,,,,,,CNEA,,,,,,,,,,,,,,,,,,
A220271,104,B,69.7,17,43,,,Whirligig,,,,,,,,,,,,,,,,,,,,,,CNEA,,,,,,,,,,,,,,,,,,
A220272,85,B,42.21,55,157,,B22.1262,pounder,,,,,,,,,,,,,,,,,,,,,,DoA Karak,,,,,,,,,,,,,,,,,,
A220273,90,B,42.21,55,156,,,mill stone,,,,,,,,,,,,,,,,,,,,,,DoA Karak,,,,,,,,,,,,,,,,,,
A220274,89,B,25.61,5,140,,,mill stone,,,,,,,,,,,,,,,,,,,,,,DoA Karak,,,,,,,,,,,,,,,,,,
A220275,194,B,24.42,40,220,,,pounder,,,,,,,,,,,,,,,,,,,,,,DoA Karak,,,,,,,,,,,,,,,,,,
A220276,189,B,24.42,39,209,,,Jar Stopper,,,,,,,,,,,,,,,,,,,,,,CNEA,,,,,,,,,,,,,,,,,,
A220277,81,B,42.21,55,157,,,Jar Stopper,,,,,,,,,,,,,,,,,,,,,,CNEA,,,,,,,,,,,,,,,,,,
A220278,75,B,42.21,55,157,,B22.1232,hand grinder,,,,,,,,,,,,,,,,,,,,,,DoA Karak,,,,,,,,,,,,,,,,,,
A220279,120,B,24.42,39,197,,,mill stone,,,,,,,,,,,,,,,,,,,,,,DoA Karak,,,,,,,,,,,,,,,,,,
A220280,30,B,25.62,54,247,,,grinding stone,,,,,,,,,,,,,,,,,,,,,,CNEA,,,,,,,,,,,,,,,,,,
A220281,72,B,25.61,1,133,,,grinding stone,,,,,,,,,,,,,,,,,,,,,,DoA Karak,,,,,,,,,,,,,,,,,,
A220282,203,B,24.42,43,224,,,UD,,,,,,,,,,,,,,,,,,,,,,CNEA,,,,,,,,,,,,,,,,,,
A220283,76,B,42.21,55,157,,,UD,,,,,,,,,,,,,,,,,,,,,,CNEA,,,,,,,,,,,,,,,,,,
A220284,112,B,25.62,61,294,,,pounder,,,,,,,,,,,,,,,,,,,,,,DoA Karak,,,,,,,,,,,,,,,,,,
A220285,53,B,42.21,52,153,,,Ring,,,,,,,,,,,,,,,,,,,,,,CNEA,,,,,,,,,,,,,,,,,,
A220286,95,B,69.7,17,43,,B22.1281,Bead,,,,,,,,,,,,,,,,,,,,,,CNEA,,,,,,,,,,,,,,,,,,
A220287,69,B,25.62,58,268,,,UD,,,,,,,,,,,,,,,,,,,,,,CNEA,,,,,,,,,,,,,,,,,,
A220288,125,B,25.62,39,125,,,Ring,,,,,,,,,,,,,,,,,,,,,,CNEA,,,,,,,,,,,,,,,,,,
A220289,65,B,69.7,20,85,,,Bangle,,,,,,,,,,,,,,,,,,,,,,CNEA,,,,,,,,,,,,,,,,,,
A220290,57,B,69.7,19,34,,B22.1046,Bangle,,,,,,,,,,,,,,,,,,,,,,CNEA,,,,,,,,,,,,,,,,,,
A220291,186,B,24.42,6,215,,,Bead,,,,,,,,,,,,,,,,,,,,,,CNEA,,,,,,,,,,,,,,,,,,
A220292,132,B,25.62,67,305,,,Loom Weight,,,,,,,,,,,,,,,,,,,,,,CNEA,,,,,,,,,,,,,,,,,,
A220293,16,B,55.19,0,0,,B22.1416,Bangle,,,,,,,,,,,,,,,,,,,,,,CNEA,,,,,,,,,,,,,,,,,,
A220294,110,B,25.62,65,295,,,weight,,,,,,,,,,,,,,,,,,,,,,CNEA,,,,,,,,,,,,,,,,,,
A220295,11,B,25.62,39,293,,,grinding stone,,,,,,,,,,,,,,,,,,,,,,CNEA,,,,,,,,,,,,,,,,,,
A220296,90,B,25.61,5,143,,B22.1218,hand grinder,,,,,,,,,,,,,,,,,,,,,,DoA Karak,,,,,,,,,,,,,,,,,,
A220297,101,B,25.61,5,142,,,Jar Stopper,,,,,,,,,,,,,,,,,,,,,,CNEA,,,,,,,,,,,,,,,,,,
A220298,45,B,42.21,148,150,X,,spatula,,,,,,,,,,,,,,,,,,,,,,CNEA,,,,,,,,,,,,,,,,,,
A220299,222,B,24.42,43,233,,,grinding stone,,,,,,,,,,,,,,,,,,,,,,DoA Karak,,,,,,,,,,,,,,,,,,
A220300,72,B,69.7,4,36,,,nail,,,,,,,,,,,,,,,,,,,,,,CNEA,,,,,,,,,,,,,,,,,,
A220301,58,B,69.7,17,33,,,hook,,,,,,,,,,,,,,,,,,,,,,CNEA,,,,,,,,,,,,,,,,,,
A220302,91,B,25.61,4,138,,,Jar Stopper,,,,,,,,,,,,,,,,,,,,,,CNEA,,,,,,,,,,,,,,,,,,
A220303,92,B,25.61,4,137,,,Jar Stopper,,,,,,,,,,,,,,,,,,,,,,CNEA,,,,,,,,,,,,,,,,,,
A220304,28,B,41.3,26,69,,,Spindle Whorl,,,,,,,,,,,,,,,,,,,,,,CNEA,,,,,,,,,,,,,,,,,,
A220305,176,B,24.42,35,204,,,Jar Stopper,,,,,,,,,,,,,,,,,,,,,,CNEA,,,,,,,,,,,,,,,,,,
A220306,100,B,25.61,5,142,,,Jar Stopper,,,,,,,,,,,,,,,,,,,,,,CNEA,,,,,,,,,,,,,,,,,,
A220307,200,B,24.42,61,215,,,Jar Stopper,,,,,,,,,,,,,,,,,,,,,,CNEA,,,,,,,,,,,,,,,,,,
A220308,191,B,24.42,39,209,,,Jar Stopper,,,,,,,,,,,,,,,,,,,,,,CNEA,,,,,,,,,,,,,,,,,,
A220309,187,B,24.42,61,210,,,Jar Stopper,,,,,,,,,,,,,,,,,,,,,,CNEA,,,,,,,,,,,,,,,,,,
A220310,190,B,24.42,39,209,,,Jar Stopper,,,,,,,,,,,,,,,,,,,,,,CNEA,,,,,,,,,,,,,,,,,,
A220311,98,B,25.61,5,141,,,Jar Stopper,,,,,,,,,,,,,,,,,,,,,,CNEA,,,,,,,,,,,,,,,,,,
A220312,105,B,25.61,19,150,,B22.1352,Jar Stopper,,,,,,,,,,,,,,,,,,,,,,CNEA,,,,,,,,,,,,,,,,,,
A220313,212,B,24.42,0,218,,,Jar Stopper,,,,,,,,,,,,,,,,,,,,,,CNEA,,,,,,,,,,,,,,,,,,
A220314,210,B,24.42,40,220,,,Jar Stopper,,,,,,,,,,,,,,,,,,,,,,CNEA,,,,,,,,,,,,,,,,,,
A220315,208,B,24.42,40,219,,,Jar Stopper,,,,,,,,,,,,,,,,,,,,,,CNEA,,,,,,,,,,,,,,,,,,
A220316,211,B,24.42,40,220,,,Jar Stopper,,,,,,,,,,,,,,,,,,,,,,CNEA,,,,,,,,,,,,,,,,,,
A220317,207,B,24.42,40,219,,,Jar Stopper,,,,,,,,,,,,,,,,,,,,,,CNEA,,,,,,,,,,,,,,,,,,
A220318,209,B,24.42,40,219,,,Jar Stopper,,,,,,,,,,,,,,,,,,,,,,CNEA,,,,,,,,,,,,,,,,,,
A220319,158,B,24.42,39,208,,,Jar Stopper,,,,,,,,,,,,,,,,,,,,,,CNEA,,,,,,,,,,,,,,,,,,
A220320,178,B,24.42,35,206,,,Jar Stopper,,,,,,,,,,,,,,,,,,,,,,CNEA,,,,,,,,,,,,,,,,,,
A220321,179,B,24.42,35,206,,,Jar Stopper,,,,,,,,,,,,,,,,,,,,,,CNEA,,,,,,,,,,,,,,,,,,
A220322,84,B,25.61,1,134,,,Jar Stopper,,,,,,,,,,,,,,,,,,,,,,CNEA,,,,,,,,,,,,,,,,,,
A220323,107,B,25.62,1,292,,,Jar Stopper,,,,,,,,,,,,,,,,,,,,,,CNEA,,,,,,,,,,,,,,,,,,
A220324,167,B,24.42,61,210,,,Jar Stopper,,,,,,,,,,,,,,,,,,,,,,CNEA,,,,,,,,,,,,,,,,,,
A220325,98,B,25.62,63,284,,,grinding stone,,,,,,,,,,,,,,,,,,,,,,DoA Karak,,,,,,,,,,,,,,,,,,
A220326,147,B,24.42,39,190,,,Jar Stopper,,,,,,,,,,,,,,,,,,,,,,CNEA,,,,,,,,,,,,,,,,,,
A220327,146,B,24.42,61,188,,,Jar Stopper,,,,,,,,,,,,,,,,,,,,,,CNEA,,,,,,,,,,,,,,,,,,
A220328,8,B,42.21,36,113,,,Jar Stopper,,,,,,,,,,,,,,,,,,,,,,CNEA,,,,,,,,,,,,,,,,,,
A220329,70,B,41.3,27,81,,B22.1508,pounder,,,,,,,,,,,,,,,,,,,,,,CNEA,,,,,,,,,,,,,,,,,,
A220330,185,B,24.42,39,214,,,pounder,,,,,,,,,,,,,,,,,,,,,,DoA Karak,,,,,,,,,,,,,,,,,,
A220331,174,B,24.42,61,210,,,grinding stone,,,,,,,,,,,,,,,,,,,,,,DoA Karak,,,,,,,,,,,,,,,,,,
A220332,101,B,42.21,58,168,,,pounder,,,,,,,,,,,,,,,,,,,,,,DoA Karak,,,,,,,,,,,,,,,,,,
A220333,152,B,24.42,72,205,,,lower mill stone,,,,,,,,,,,,,,,,,,,,,,DoA Karak,,,,,,,,,,,,,,,,,,
A220334,24,B,41.3,25,66,,,hand grinder,,,,,,,,,,,,,,,,,,,,,,DoA Karak,,,,,,,,,,,,,,,,,,
A220335,5,B,25.62,1,234,,,tool,,,,,,,,,,,,,,,,,,,,,,DoA Karak,,,,,,,,,,,,,,,,,,
A220336,113,B,25.61,19,154,,,obsidian,,,,,,,,,,,,,,,,,,,,,,CNEA,,,,,,,,,,,,,,,,,,
A220337,67,B,41.3,27,80,,,point,,,,,,,,,,,,,,,,,,,,,,CNEA,,,,,,,,,,,,,,,,,,
A220338,116,B,69.7,29,53,,B22.1435,Bangle,,,,,,,,,,,,,,,,,,,,,,CNEA,,,,,,,,,,,,,,,,,,
A220339,120,B,69.7,29,53,,,Bangle,,,,,,,,,,,,,,,,,,,,,,CNEA,,,,,,,,,,,,,,,,,,
A220340,183,B,24.42,61,215,,B22.1239,mortar,,,,,,,,,,,,,,,,,,,,,,Field,,,,,,,,,,,,,,,,,,
A220241,104,B,25.62,58,291,,,quern,,,,,,,,,,,,,,,,,,,,,,Field,,,,,,,,,,,,,,,,,,
A220342,49,B,69.7,16,28,,,Bangle,,,,,,,,,,,,,,,,,,,,,,CNEA,,,,,,,,,,,,,,,,,,
A220343,69,B,24.42,26,173,,,Juglet,,,,,,,,,,,,,,,,,,,,,,CNEA,,,,,,,,,,,,,,,,,,
A220344,44,B,69.7,16,25,,,metal,,,,,,,,,,,,,,,,,,,,,,CNEA,,,,,,,,,,,,,,,,,,
A220345,88,B,25.62,61,278,,,glass,,,,,,,,,,,,,,,,,,,,,,CNEA,,,,,,,,,,,,,,,,,,
A220346,106,B,42.21,57,169,,,pestle,,,,,,,,,,,,,,,,,,,,,,CNEA,,,,,,,,,,,,,,,,,,
A220347,24,B,24.42,0,226,,,Jar Stopper,,,,,,,,,,,,,,,,,,,,,,CNEA,,,,,,,,,,,,,,,,,,
A220348,217,B,24.42,40,223,,,Jar Stopper,,,,,,,,,,,,,,,,,,,,,,CNEA,,,,,,,,,,,,,,,,,,
A220349,54,B,69.7,16,28,,,Bangle,,,,,,,,,,,,,,,,,,,,,,CNEA,,,,,,,,,,,,,,,,,,
A220350,70,B,69.7,21,38,,,glass,,,,,,,,,,,,,,,,,,,,,,CNEA,,,,,,,,,,,,,,,,,,
A220351,80,B,25.61,43,132,,,Palette,,,,,,,,,,,,,,,,,,,,,,CNEA,,,,,,,,,,,,,,,,,,
A220352,117,B,69.7,29,53,,B22.1991,rotary hand mill,,,,,,,,,,,,,,,,,,,,,,DoA Karak,,,,,,,,,,,,,,,,,,
A220353,42,B,42.21,55,159,,,Jar Stopper,,,,,,,,,,,,,,,,,,,,,,CNEA,,,,,,,,,,,,,,,,,,
A220354,213,B,24.42,0,228,,,UD,,,,,,,,,,,,,,,,,,,,,,CNEA,,,,,,,,,,,,,,,,,,
A220355,120,B,25.61,51,157,,B22.1602,Jar Stopper,,,,,,,,,,,,,,,,,,,,,,CNEA,,,,,,,,,,,,,,,,,,
A220356,,B,25.61,1,133,,,Spindle Whorl,,,,,,,,,,,,,,,,,,,,,,CNEA,,,,,,,,,,,,,,,,,,
A220357,145,B,24.42,61,188,,,Jar Stopper,,,,,,,,,,,,,,,,,,,,,,CNEA,,,,,,,,,,,,,,,,,,
A220358,94,B,25.61,4,139,,,Jar Stopper,,,,,,,,,,,,,,,,,,,,,,CNEA,,,,,,,,,,,,,,,,,,
A220359,86,B,25.61,4,138,,,Jar Stopper,,,,,,,,,,,,,,,,,,,,,,CNEA,,,,,,,,,,,,,,,,,,
A220360,54,B,41.3,27,76,,B22.1302,Jar Stopper,,,,,,,,,,,,,,,,,,,,,,CNEA,,,,,,,,,,,,,,,,,,
A220361,110,B,25.61,19,154,,B22.1464,Jar Stopper,,,,,,,,,,,,,,,,,,,,,,CNEA,,,,,,,,,,,,,,,,,,
A220362,217,B,24.42,40,223,,,Jar Stopper,,,,,,,,,,,,,,,,,,,,,,CNEA,,,,,,,,,,,,,,,,,,
A220363,216,B,24.42,40,223,,,Jar Stopper,,,,,,,,,,,,,,,,,,,,,,CNEA,,,,,,,,,,,,,,,,,,
A220364,168,B,24.42,39,209,,,Jar Stopper,,,,,,,,,,,,,,,,,,,,,,CNEA,,,,,,,,,,,,,,,,,,
A220365,227,B,24.42,0,226,,,Jar Stopper,,,,,,,,,,,,,,,,,,,,,,CNEA,,,,,,,,,,,,,,,,,,
A220366,214,B,24.42,70,227,,,Jar Stopper,,,,,,,,,,,,,,,,,,,,,,CNEA,,,,,,,,,,,,,,,,,,
A220367,115,B,25.62,61,298,,,weight,,,,,,,,,,,,,,,,,,,,,,DoA Karak,,,,,,,,,,,,,,,,,,
A220368,,B,42.21,58,168,,,pounder,,,,,,,,,,,,,,,,,,,,,,DoA Karak,,,,,,,,,,,,,,,,,,
A220369,138,B,69.7,24,62,,B22.1669,Bangle,,,,,,,,,,,,,,,,,,,,,,CNEA,,,,,,,,,,,,,,,,,,
A220370,163,B,25.62,66,319,,,pestle,,,,,,,,,,,,,,,,,,,,,,CNEA,,,,,,,,,,,,,,,,,,
A220371,161,B,25.62,70,318,,,pestle,,,,,,,,,,,,,,,,,,,,,,CNEA,,,,,,,,,,,,,,,,,,
A220372,126,B,25.61,51,158,,,hand grinder,,,,,,,,,,,,,,,,,,,,,,DoA Karak,,,,,,,,,,,,,,,,,,
A220373,143,B,25.62,66,310,,,hand grinder,,,,,,,,,,,,,,,,,,,,,,CNEA,,,,,,,,,,,,,,,,,,
A220374,165,B,25.62,74,320,,,whetstone,,,,,,,,,,,,,,,,,,,,,,CNEA,,,,,,,,,,,,,,,,,,
A220375,117,B,25.61,51,155,,,whetstone,,,,,,,,,,,,,,,,,,,,,,CNEA,,,,,,,,,,,,,,,,,,
A220376,168,B,25.62,71,322,,,grinding stone,,,,,,,,,,,,,,,,,,,,,,CNEA,,,,,,,,,,,,,,,,,,
A220377,224,B,24.42,43,233,,B22.1651,hand grinder,,,,,,,,,,,,,,,,,,,,,,DoA Karak,,,,,,,,,,,,,,,,,,
A220378,86,B,25.62,58,277,,,grinding stone,,,,,,,,,,,,,,,,,,,,,,DoA Karak,,,,,,,,,,,,,,,,,,
A220379,109,B,25.61,19,153,,,mortar,,,,,,,,,,,,,,,,,,,,,,DoA Karak,,,,,,,,,,,,,,,,,,
A220380,36,B,41.3,27,73,,B22.1131,grinding stone,,,,,,,,,,,,,,,,,,,,,,DoA Karak,,,,,,,,,,,,,,,,,,
A220381,135,B,25.61,51,159,,,Pestle,Possible,,,,,Ovoid,Slightly,Stone,10YR7/1,Complete,100,Moderate,,143.00,5.49,4.49,4.03,,,,,CNEA,,,,,,,,,,,,,,,,,,
A220382,198,B,24.42,39,214,,,Jar Stopper,Probable,,,,,Circular,Slightly,Ceramic,7.5YR8/1,Complete,100,Moderate,,4.80,2.14,2.23,0.79,,,,,CNEA,,,,,,,,,,,,,,,,,,
A220383,149,B,24.42,39,190,,,Jar Stopper,Probable,,,,,Circular,Slightly,Ceramic,7.5YR5/1,Partial,90,Moderate,,7.30,2.62,2.53,0.81,,,,,CNEA,,,,,,,,,,,,,,,,,,
A220384,244,B,24.42,79,244,,,pounder,Probable,,,,,Spherical,Slightly,Basalt,10YR6/1,Complete,100,Moderate,,151.00,5.3,4.59,4.47,,,,,DoA Karak,,,,,,,,,,,,,,,,,,
A220385,68,B,41.3,28,81,,B22.1501,grinding stone,Certain,,,,,Loaf,Exactly,Basalt,10YR5/1,Partial,80,Moderate,,2194.00,19.8,11.38,5.16,,,,,CNEA,,,,,,,,,,,,,,,,,,
A220386,179,B,25.62,77,326,,,Hand Grinder,Probable,,,,,Spherical,Slightly,Basalt,10YR56/1,Complete,100,Moderate,,253.00,6.14,6.34,4.3,,,,,CNEA,,,,,,,,,,,,,,,,,,
A220387,132,B,25.61,51,159,,,grinding stone,Probable,,,,,Circular,Slightly,Stone,,,,,,832.00,10.22,8.82,6.27,,,,,CNEA,,,,,,,,,,,,,,,,,,
A220388,128,B,25.61,51,158,,,Hand Grinder,Probable,,,,,Ovoid,Slightly,Stone,10YR6/1,Partial,25,Moderate,,200.00,6.82,4.79,4.12,,,,,CNEA,,,,,,,,,,,,,,,,,,
A220389,134,B,25.61,51,159,,,hand grinder,Possible,,,,,Pyramidal,Slightly,Stone,10YR6/1,Partial,90,Moderate,,102.00,5.08,3.42,3.9,,,,,CNEA,,,,,,,,,,,,,,,,,,
A220390,115,B,42.21,59,172,,,Spindle Whorl,Probable,,,,,Circular,Slightly,Ceramic,5YR7/4,Partial,40,Moderate,,79.70,7.02,4.91,1.71,,,,,CNEA,,,,,,,,,,,,,,,,,,
A220391,159,B,24.42,39,208,,,Jar Stopper,Probable,,,,,Oblong,Nearly,Ceramic,7.5YR6/3,Complete,100,Moderate,,5.70,2.95,2.52,0.68,,,,,CNEA,,,,,,,,,,,,,,,,,,
A220392,106,B,25.61,5,144,,,Jar Stopper,Probable,,,,,Circular,Slightly,Ceramic,7.5YR8/2,Complete,100,Moderate,,8.20,2.97,2.93,0.74,,,,,CNEA,,,,,,,,,,,,,,,,,,
A220393,61,B,41.3,20,77,,,Cup,Possible,,,,,,,Ceramic,5YR7/4,Partial,40,Fine,,25.70,6.17,3.74,1.72,,,,,CNEA,Votive?,,,,,,,,,,,,,,,,,
A220394,72,B,42.21,53,156,,,point,Possible,,,,,Linear,Elongated,Metal,5YR6/6,,,Moderate,,1.10,2.73,0.41,0.59,,,,,CNEA,,,,,,,,,,,,,,,,,,
A220395,102,B,25.61,5,148,,,Jar Stopper,,,,,,Circular,Nearly,Ceramic,7.5YR8/1,Complete,100,Moderate,,12.70,4.02,3.86,0.82,,,,,CNEA,,,,,,,,,,,,,,,,,,
A220396,164,B,24.42,68,200,,,Spindle Whorl,Probable,,,,,Circular,Nearly,Ceramic,7.5YR8/2,Complete,100,Moderate,,33.10,4.93,4.78,0.13,,,,,CNEA,,,,,,,,,,,,,,,,,,
A220397,117,B,25.62,61,298,,,Jar Stopper,,,,,,,,,,,,,,,,,,,,,,CNEA,,,,,,,,,,,,,,,,,,
A220398,127,B,25.62,65,302,,,UD,,,,,,Rectilinear,Nearly,Stone,7.5YR6/2,Complete,100,Moderate,,28.20,6.13,1.53,0.12,,,,,DoA Karak,,,,,,,,,,,,,,,,,,
A220399,122,B,25.62,39,297,,,grinding stone,Possible,,,,,Ovoid,Slightly,Stone,10YR8/2,Partial,60,Moderate,,365.00,8.4,4.9,6.3,,,,,CNEA,,,,,,,,,,,,,,,,,,
A220400,47,B,41.3,26,75,,,pestle,Certain,,,,,Spherical,Slightly,Stone,7.5YR6/2,Complete,100,Moderate,,109.90,4.28,4.45,3.19,,,,,DoA Karak,,,,,,,,,,,,,,,,,,
A220401,246,B,24.42,79,244,,B22.1797,grinding stone,Probable,,,,,Triangular,Nearly,Stone,10YR5/1,Partial,,,,1314.00,15.36,12.1,7.07,,,,,DoA Karak,,,,,,,,,,,,,,,,,,
A220402,237,B,24.42,78,236,,B22.1723,Grinding Stone,Possible,,,,,Loaf-Shaped,Slightly,Basalt,10YR7/1,Partial,40,Moderate,,1036.00,13.7,9.61,6.39,,,,,DoA Karak,,,,,,,,,,,,,,,,,,
A220403,129,B,25.61,51,158,,,UD,,,,,,Crescent,Slightly,Basalt,10YR7/1,Partial,,,,,5.8,4.62,3.87,,,,,CNEA,,,,,,,,,,,,,,,,,,
A220404,241,B,24.42,80,242,,B22.1739,pounder,Probable,,,,,Spherical,Slightly,Stone,10YR7/1,Complete,100,Moderate,,806.00,9.75,9.11,6.16,,,,,DoA Karak,,,,,,,,,,,,,,,,,,
A220405,232,B,24.42,79,238,,,Jar Stopper,Probable,,,,,Circular,Slightly,Ceramic,10YR7/2,Complete,100,Moderate,,49.00,,,,,,,4,CNEA,,,,,,,,,,,,,,,,,,
A220406,80,B,41.3,28,81,,B22.1501,grinding stone,Certain,,,,,Loaf-Shaped,Nearly,Basalt,10YR6/1,Partial,50,Moderate,,,15.6,14.9,6.29,,,,,CNEA,,,,,,,,,,,,,,,,,,
A220407,242,B,24.42,79,244,,B22.1760,grinding stone,Certain,,,,,Cuboid,Nearly,Basalt,10YR5/1,Partial,,Moderate,,1340.00,11.7,10.59,6.22,,,,,DoA Karak,,,,,,,,,,,,,,,,,,
A220408,245,B,24.42,79,245,,B22.1795,grinding stone,Certain,,,,,Triangular,Nearly,Stone,7.5YR7/2,Partial,,Moderate,,1057.00,12.57,11.05,6.95,,,,,DoA Karak,,,,,,,,,,,,,,,,,,
A220409,89,B,41.3,27,88,,,Loom Weight,Certain,,,,,Cuboid,,Clay,5YR5/6,Partial,,Moderate,,89.70,4.7,4.2,4.5,,,,,CNEA,,,,,,,,,,,,,,,,,,
A220410,136,B,25.62,39,136,,,Jar Stopper,,,,,,,,,,,,,,,,,,,,,,CNEA,,,,,,,,,,,,,,,,,,
A220411,104,B,42.21,57,169,,,pestle,Possible,,,,,Pyramidal,Nearly,Chert,5YR6/2,Partial,40,Moderate,,86.00,3.91,4.13,4.65,,,,,CNEA,,,,,,,,,,,,,,,,,,
A220412,90,B,41.3,27,88,,B22.1779,Loom Weight,Certain,,,,,,,Clay,5YR6/6,Partial,60,Moderate,,319.00,7.8,5.92,6.06,,,,4,CNEA,,,,,,,,,,,,,,,,,,
A220413,91,B,41.3,27,88,,B22.1680,Loom Weight,Probable,,,,,,,Clay,5YR6/3,Partial,20,Moderate,,40.00,,,,,,,,CNEA,,,,,,,,,,,,,,,,,,
A220414,143,B,69.7,37,63,,,Ring,Probable,,,,,Ring,,Iron,,Partial,,Moderate,,4.00,2.8,0.62,,,,,5,CNEA,,,,,,,,,,,,,,,,,,
A220415,319,B,25.62,66,319,,,UD,,,,,,Linear,Exactly,Metal,7.5YR6/1,Partial,,Fine,,0.30,1.75,0.25,0.3,,,,,CNEA,,,,,,,,,,,,,,,,,,
A220416,114,B,42.21,60,173,,,nail,Probable,,,,,Linear,Exactly,Metal,5YR2.5/1,Partial,,Fine,,2.70,4.77,0.43,0.51,,,,,CNEA,,,,,,,,,,,,,,,,,,
A220417,146,B,69.7,38,65,,B22.1754,Bangle,Probable,,,,,Curvilinear,Exactly,Glass,Gley 1 2.5/N,Partial,,Fine,,2.10,3.48,0.48,0.43,,,,,CNEA,,,,,,,,,,,,,,,,,,
A220418,236,B,24.42,78,236,,,shell,Certain,,,,,Oblong,Slightly,Shell,7.5YR8/2,Complete,100,,,2.20,2.13,1.41,0.51,,,,,CNEA,,,,,,,,,,,,,,,,,,
A220419,18,B,69.6,0,0,,B22.1668,Bangle,Possible,,,,,Curvilinear,Exactly,Glass,Gley 1 2.5/N,Partial,,Fine,,1.40,1.84,0.62,0.56,,,,,CNEA,,,,,,,,,,,,,,,,,,
A220420,167,B,25.62,66,319,,,Bead,Certain,,,,,Scaraboid,Exactly,Faience,7.5YR8/1,Partial,50,Fine,,0.40,1.1,0.82,0.32,,,,,CNEA,,,,,,,,,,,,,,,,,,
A220421,99,B,25.61,5,141,,,Jar Stopper,,,,,,,,,,,,,,,,,,,,,,CNEA,,,,,,,,,,,,,,,,,,
A220422,233,B,24.42,40,237,,,UD,,,,,,Triangular,Slightly,Calcite,7.5YR7/3,Partial,,Moderate,,0.80,1.1,0.87,0.49,,,,,CNEA,,,,,,,,,,,,,,,,,,
A220423,107,B,42.21,58,168,,,UD,,,,,,Cylindrical,Slightly,Bone,7.5YR8/6,Partial,,Crude,,14.80,4.77,2.6,2.75,,,,,CNEA,,,,,,,,,,,,,,,,,,
A220424,88,B,42.21,54,158,,,UD,,,,,,Linear,,Metal,Gley 1 5/10Y,Partial,,Fine,,1.80,3.06,0.49,0.49,,,,,CNEA,,,,,,,,,,,,,,,,,,
A220425,142,B,25.62,68,311,,,burnishing tool,Possible,,,,,Rectilinear,,Stone,7.5YR7/3,,,Moderate,,5.50,3.23,1.18,0.96,,,,,CNEA,,,,,,,,,,,,,,,,,,
A220426,197,B,24.42,61,217,,,UD,,,,,,Rectangular,,Stone,7.5YR8/3,,,MOderate,,4.00,2.88,2.23,0.55,,,,,CNEA,,,,,,,,,,,,,,,,,,
A220427,73,B,42.21,53,156,,,Ring,Possible,,,,,Ring,Nearly,Metal,7.5YR4/1,Partial,50,Fine,,1.90,2.99,0.28,0.32,,,,,CNEA,,,,,,,,,,,,,,,,,,
A220428,30,B,42.21,46,,,,game piece,Probable,,,,,Circular,Nearly,Stone,7.5YR4/2,Complete,100,Moderate,,10.00,2.35,2.11,1.03,,,,,CNEA,,,,,,,,,,,,,,,,,,
A220429,180,B,24.42,72,205,,,Jar Stopper,,,,,,,,,,,,,,,,,,,,,,CNEA,,,,,,,,,,,,,,,,,,
A220430,183,B,25.62,77,326,,,UD,,,,,,,,,,,,,,,,,,,,,,CNEA,,,,,,,,,,,,,,,,,,
A220431,135,B,25.62,39,297,,,Jar Stopper,,,,,,,,,,,,,,,,,,,,,,CNEA,,,,,,,,,,,,,,,,,,
A220432,107,B,25.61,19,152,,,Jar Stopper,,,,,,,,,,,,,,,,,,,,,,CNEA,,,,,,,,,,,,,,,,,,
A220433,182,B,24.42,72,205,,,game piece,Possible,,,,,Circular,Slightly,Stone,5YR7/2,Complete,100,Crude,,10.90,,,0.85,3.14,,,,CNEA,Associated with A220434,,,,,,,,,,,,,,,,,
A220434,263,B,24.42,72,205,,,game piece,Possible,,,,,Circular,Slightly,Ceramic,7.5YR7/2,Complete,100,Crude,,7.70,,,1.03,2.86,,,,CNEA,Associated with A220433,,,,,,,,,,,,,,,,,
A220435,110,B,42.21,59,171,,,Jar Stopper,Probable,,,,,Circular,Rounded,Ceramic,7.5YR6/3,Complete,100,Moderate,,27.20,4.18,4.2,1.38,,,,,CNEA,,,,,,,,,,,,,,,,,,
A220436,124,B,25.61,51,157,,B22.1641,Jar Stopper,Probable,,,,,Circular,Slightly,Ceramic,7.5YR7/3,Complete,100,Moderate,,10.20,3.2,2.98,0.8,,,,,CNEA,,,,,,,,,,,,,,,,,,
A220437,174,B,25.62,68,313,,,Jar Stopper,Probable,,,,,Ovoid,Nearly,Ceramic,7.5YR7/3,Complete,100,Moderate,,18.80,4.5,3.73,0.9,,,,,CNEA,,,,,,,,,,,,,,,,,,
A220438,199,B,24.42,39,214,,,Jar Stopper,Probable,,,,,Circular,Slightly,Ceramic,Gley 1 4/N,Complete,100,Moderate,,6.00,2.73,2.43,0.68,,,,,CNEA,,,,,,,,,,,,,,,,,,
A220439,192,B,25.62,79,329,,,hand grinder,,,,,,,,,2.5Y6/1,Complete,100,,,319.00,58.67,57.87,56.25,,,,,CNEA,,,,,,,,,,,,,,,,,,
A220440,256,B,24.42,81,248,,,hand grinder,,,,,,,,Limestone,7.5YR8/3,,,,,1079.00,59.92,52.09,23.77,,,,,DoA Karak,,,,,,,,,,,,,,,,,,
A220441,191,B,25.62,79,329,,B22.1938,Tool,Uncertain,,,,,Rectangular,Slightly,Iron,,Partial,,Moderate,,,,,,,,,,CNEA,,,,,,,,,,,,,,,,,,
A220442,155,B,24.42,35,204,,,hand grinder,,,,,,,,Basalt,7.5YR6/2,,,,,149.00,73.82,42.32,42.26,,,,,DoA Karak,,,,,,,,,,,,,,,,,,
A220443,85,B,41.3,31,91,,,hand grinder,Certain,,,,,Cuboid,Slightly,Stone,10YR6/1,Complete,100,Fine,,335.00,6.2,5.58,9.46,,,,,CNEA,,,,,,,,,,,,,,,,,,
A220444,258,B,24.42,40,250,,,pounder,,,,,,,,Basalt,7.5YR5/2,,,,,535.00,97.02,66.61,42.52,,,,,DoA Karak,,,,,,,,,,,,,,,,,,
A220445,143,B,25.61,56,163,,,hand grinder,Certain,,,,,Cuboid,Slightly,Stone,10YR6/1,Complete,100,Crude,,735.00,7.9,7.6,7.3,,,,,CNEA,,,,,,,,,,,,,,,,,,
A220446,262,B,24.42,40,262,,,mortar,,,,,,,,Basalt,7.5YR5/1,,,,,707.00,91.58,79.96,52.53,,,,,DoA Karak,,,,,,,,,,,,,,,,,,
A220447,251,B,24.42,80,249,,,pounder,Probable,,,,,Cuboid,Slightly,Stone,10YR6/1,Complete,100,Crude,,990.00,9.86,8.7,6.8,,,,,DoA Karak,,,,,,,,,,,,,,,,,,
A220448,260,B,24.42,40,250,,,hand grinder,,,,,,,,Stone,7.5YR5/1,,,,,247.00,73.61,54.27,38.73,,,,,DoA Karak,,,,,,,,,,,,,,,,,,
A220449,118,B,42.21,62,176,,,stone tool,,,,,,,,,,,,,,,,,,,,,,CNEA,,,,,,,,,,,,,,,,,,
A220450,180,B,25.62,75,325,,B22.1776,hand grinder,,,,,,,,Basalt,7.5YR6/1,,,,,571.00,108.47,79.72,40.63,,,,,CNEA,,,,,,,,,,,,,,,,,,
A220451,150,B,25.62,66,312,,,grinding stone,,,,,,,,Basalt,2.5Y4/1,,,,,542.00,74.9,62.97,58.56,,,,,CNEA,,,,,,,,,,,,,,,,,,
A220452,157,B,25.61,51,157,,,Jar Stopper,Certain,,,,,Circular,,,7.5YR7/4,,,,,19.00,42.02,41.36,9.47,,,,,CNEA,,,,,,,,,,,,,,,,,,
A220453,25,B,42.21,44,134,,,UD,,,,,,,,Basalt,,,,Moderate,,5.10,2.28,1.55,1.01,,,,,CNEA,,,,,,,,,,,,,,,,,,
A220454,139,B,69.7,29,61,,,UD,,,,,,Triangular,,Alabaster,10YR8/2,Partial,,Very Fine,,6.80,2.98,2.52,0.55,,,,,CNEA,,,,,,,,,,,,,,,,,,
A220455,87,B,41.3,27,88,,,hand grinder,,,,,,,,Basalt,7.5YR6/2,,,,,138.00,64.71,39.87,29.45,,,,,CNEA,,,,,,,,,,,,,,,,,,
A220456,13,B,25.61,5,113,,,mortar,,,,,,Triangular,Slightly,Basalt,7.5YR65/1,Partial,30,Fine,,737.00,10.66,7.6,5.6,,,,,DoA Karak,,,,,,,,,,,,,,,,,,
A220457,146,B,25.61,56,163,,,Bead,,,,,,,,,,,,,,,,,,,,,,CNEA,,,,,,,,,,,,,,,,,,
A220458,136,B,69.7,24,62,,,Bangle,,,,,,,,,,,,,,,,,,,,,,CNEA,,,,,,,,,,,,,,,,,,
A220459,14,B,25.61,5,114,,,UD,,,,,,,,,,,,,,,,,,,,,,CNEA,,,,,,,,,,,,,,,,,,
A220460,1,B,42.21,39,99,,,Shrine Model,Possible,,,Zoomorphic,,,,Ceramic,10YR6/2,Partial,,,,86.00,64.67,62.2,13.32,,,,,CNEA,,,,,,,,,,,,,,,,,,
A220461,152,B,25.62,71,316,,,Loom Weight,Probable,,,,,Pyramidal,,Clay,7.5YR7/2,Partial,80,Crude,,54.00,43.35,31.58,30.94,,5.71,,,CNEA,,,,,,,,,,,,,,,,,,
A220462,74,B,41.3,27,81,,,Figurine,,,,Zoomorphic,,,,,,,,,,,,,,,,,,CNEA,,,,,,,,,,,,,,,,,,
A220463,17,B,0,0,0,,B22.1967,UD,,,,,,Obelisk,Slightly,Metal,Gley 1 5/10GY,Partial,,Crude,Incised lines?,13.80,2.24,1.29,0.968,,,,,CNEA,,,,,,,,,,,,,,,,,,
A220464,97,B,25.62,63,284,,,Ring,Possible,,,,,Circular,,Iron,2.5YR3/4,Partial,30,,,3.92,,,13.7,23.36,19,Corroded,2,CNEA,,,,,,,,,,,,,,,,,,
A220465,148,B,25.62,68,313,,B22.1599,Earring,Possible,,,,,Circular,Slightly,Metal,2.5Y4/0,Partial,70,Moderate,,1.10,3.54,,,19.2,14.31,,,CNEA,,,,,,,,,,,,,,,,,,
A220466,114,B,25.61,19,154,,,UD,,,,,,,,Shell or Bone,Gley 1 7/10GY,Partial,,,,0.50,1.7,1.07,0.17,,,,,CNEA,,,,,,,,,,,,,,,,,,
A220467,126,B,69.7,29,57,,B22.1563,Bangle,Possible,,,,,Circular,Slightly,Glass,2.5Y4/0,Partial,10,Moderate,Striped,1.84,21.43,,,7.57,,,,CNEA,,,,,,,,,,,,,,,,,,
A220468,103,B,42.21,57,169,,,UD,,,,,,,,Frit,Gley 1 7/1,Partial,,,,2.40,2.8,1.9,0.4,,,,,CNEA,,,,,,,,,,,,,,,,,,
A220469,137,B,69.7,29,61,,B22.1666,Bangle,Probable,,,,,Circular,,Glass,2.5Y2/0,Partial,10,Moderate,,2.02,25.25,7.67,6.54,,,,,CNEA,,,,,,,,,,,,,,,,,,
A220470,254,B,24.42,81,248,,,Bangle,,,,,,,,,,,,,,,,,,,,,,CNEA,,,,,,,,,,,,,,,,,,
A220471,142,B,69.7,29,61,,B22.1713,Bangle,,,,,,,,Glass,2.5YR3/1,Partial,,Fine,Incised diagonal lines,0.20,1.33,0.59,,,,,,CNEA,,,,,,,,,,,,,,,,,,
A220472,22,B,24.42,0,228,,,Jar Stopper,,,,,,,,,,,,,,,,,,,,,,CNEA,,,,,,,,,,,,,,,,,,
A220473,122,B,69.7,29,57,,B22.1526,nail,Probable,,,,,Conical,Slightly,Metal,7.5YR7/2,Partial,90,Crude,,1.66,25.17,13.21,10.26,,,,,CNEA,,,,,,,,,,,,,,,,,,
A220474,255,B,24.42,81,248,,,Bead,,,,,,,,,,,,,,,,,,,,,,CNEA,,,,,,,,,,,,,,,,,,
A220475,145,B,25.61,56,163,,,carved bone,,,,,,,,,,,,,,,,,,,,,,CNEA,,,,,,,,,,,,,,,,,,
A220476,189,B,24.42,39,209,,,Jar Stopper,,,,,,,,,,,,,,,,,,,,,,CNEA,,,,,,,,,,,,,,,,,,
A220477,196,B,25.62,66,324,,,Spindle Whorl,,,,,,,,,,,,,,,,,,,,,,CNEA,,,,,,,,,,,,,,,,,,
A220478,128,B,69.7,29,57,,B22.1643,UD,,,,,,,,Metal,2.5YR5/3,Partial,,Very Crude,,4.00,2.52,1.58,1.13,,,,,CNEA,,,,,,,,,,,,,,,,,,
A220479,85,B,41.3,27,87,,,Bead,Probable,,,,,Circular,,Glass,2.5Y8/1,Partial,50,Moderate,,0.20,,,6.57,10.53,6.31,,,CNEA,,,,,,,,,,,,,,,,,,
A220480,119,B,69.7,29,53,,B22.0015,Bangle,Possible,,,,,,,,2.5Y8/1,,,,,1.00,15.22,8.43,5.08,,,,,CNEA,,,,,,,,,,,,,,,,,,
A220481,135,B,69.7,29,53,,, burnisher,,,,,,,,Stone,10YR4/1,,,,,3.00,36.75,17.69,3.83,,,,,CNEA,,,,,,,,,,,,,,,,,,
A220482,127,B,69.7,29,57,,B22.1567,worked bone,,,,,,Cylindrical,,Bone,5YR6/4,Partial,,Very Fine,,0.40,1.98,,,0.47,,,,CNEA,,,,,,,,,,,,,,,,,,
A220483,37,B,42.21,48,142,,,UD,,,,,,,,,2.5YR7/2,,,,,0.02,2.18,1.71,0.11,,,,,CNEA,,,,,,,,,,,,,,,,,,
A220484,134,B,69.7,24,60,,B22.1644,Bangle,,,,,,Cylindrical,,Glass,Gley 1 4/10Y,Partial,,,Evenly spaced diagonal lines,1.30,2.2,,,0.64,,,,CNEA,,,,,,,,,,,,,,,,,,
A220485,76,B,41.3,27,82,,,Loom Weight,Possible,,,,,,,Ceramic,5YR7/3,Partial,90,,,16.00,30.28,22.82,20.64,,,,,CNEA,,,,,,,,,,,,,,,,,,
A220486,182,B,25.62,77,326,,,Spindle Whorl,,,,,,,,,,,,,,,,,,,,,,CNEA,,,,,,,,,,,,,,,,,,
A220487,249,B,24.42,77,235,,,Jar Stopper,,,,,,,,,,,,,,,,,,,,,,CNEA,,,,,,,,,,,,,,,,,,
A220488,239,B,24.42,42,231,,,Jar Stopper,,,,,,,,,,,,,,,,,,,,,,CNEA,,,,,,,,,,,,,,,,,,
A220489,181,B,24.42,42,72,,,Jar Stopper,,,,,,,,,,,,,,,,,,,,,,CNEA,,,,,,,,,,,,,,,,,,
A220490,144,B,24.42,70,201,,,UD,,,,,,Triangular,Slightly,Frit,Gley 1 5/1,Partial,,,,2.40,1.75,1.29,0.933,,,,,CNEA,,,,,,,,,,,,,,,,,,
A220491,112,B,25.61,19,154,,,game piece,,,,,,,,,,,,,,,,,,,,,,CNEA,,,,,,,,,,,,,,,,,,
A220492,83,B,24.42,35,107,,,Polished Bone,,,,,,Rectilinear,Slightly,Bone,,Partial,,,,0.03,2.38,0.92,0.288,,,,,CNEA,,,,,,,,,,,,,,,,,,
A220493,184,B,25.62,77,326,,,UD,,,,,,,,Glass,Gley 1 2.5/N,Partial,,,,0.20,1.06,0.82,0.035,,,,,CNEA,,,,,,,,,,,,,,,,,,
A220494,151,B,25.62,71,316,,B22.1619,Loom Weight,Certain,,,,,Pyramidal,Slightly,Clay,10YR6/2,Partial,70,Fine,,7.91,4.96,2.87,,,0.085,,6,CNEA,,,,,,,,,,,,,,,,,,
A220495,264,B,24.42,40,250,,,Jar Stopper,,,,,,,,,,,,,,,,,,,,,,CNEA,,,,,,,,,,,,,,,,,,
A220496,142,B,25.61,56,163,,,Jar Stopper,,,,,,,,,,,,,,,,,,,,,,CNEA,,,,,,,,,,,,,,,,,,
A220497,123,B,69.7,29,57,,B22.1527,Bangle,Certain,,,,,,,Glass,10YR3/2,Partial,,Fine,,5.50,4.26,0.845,,,,,,CNEA,,,,,,,,,,,,,,,,,,